[
  {
    "img": "/assets/images/blog/blogThumb3_1.jpg",  
    "title": "Regional Managers time management."
  },
  {
    "img": "/assets/images/blog/blogThumb3_2.jpg",  
    "title": "Revitalising your people in a retail downturn"
  },
  {
    "img": "/assets/images/blog/blogThumb3_3.jpg",  
    "title": "Organisationaly teams are just like families."
  },
  {
    "img": "/assets/images/blog/blogThumb3_4.jpg",  
    "title": "Services that printing at you is important"
  },
  {
    "img": "/assets/images/blog/blogThumb3_5.jpg",  
    "title": "That will help you get 1% better every day"
  },
  {
    "img": "/assets/images/blog/blogThumb3_6.jpg",  
    "title": "A checklist to improve your daily routine"
  }, 
  {
    "img": "/assets/images/blog/blogThumb3_7.jpg",  
    "title": "Principles UX that should be aware of winner"
  },
  {
    "img": "/assets/images/blog/blogThumb3_8.jpg",  
    "title": "Awaited technology final change the world"
  },
  {
    "img": "/assets/images/blog/blogThumb3_9.jpg",  
    "title": "Artificial intelligence that will blow your mind"
  } 
]
