[
  {
    "img": "/assets/images/project/projectThumb3_1.jpg"
  },
  {
    "img": "/assets/images/project/projectThumb3_2.jpg" 
  },
  {
    "img": "/assets/images/project/projectThumb3_3.jpg"
  },
  {
    "img": "/assets/images/project/projectThumb3_4.jpg"
  },  
  {
    "img": "/assets/images/project/projectThumb3_1.jpg"
  },
  {
    "img": "/assets/images/project/projectThumb3_2.jpg" 
  },
  {
    "img": "/assets/images/project/projectThumb3_3.jpg"
  },
  {
    "img": "/assets/images/project/projectThumb3_4.jpg"
  },  
  {
    "img": "/assets/images/project/projectThumb3_1.jpg"
  },
  {
    "img": "/assets/images/project/projectThumb3_2.jpg" 
  },
  {
    "img": "/assets/images/project/projectThumb3_3.jpg"
  },
  {
    "img": "/assets/images/project/projectThumb3_4.jpg"
  }    
]
