[
  {
    "img": "/assets/images/team/teamThumb1_1.jpg",  
    "title": "Masirul Islam",
    "desc": "co-Founder",
    "facebook": "#",
    "twitter": "#",
    "linkedin": "#",
    "pinterest": "#"
  },
  {
    "img": "/assets/images/team/teamThumb1_2.jpg",  
    "title": "Tonya Martin",
    "desc": "co-Founder",
    "facebook": "#",
    "twitter": "#",
    "linkedin": "#",
    "pinterest": "#"
  },
  {
    "img": "/assets/images/team/teamThumb1_3.jpg",  
    "title": "Stephan Bullok",
    "desc": "co-Founder",
    "facebook": "#",
    "twitter": "#",
    "linkedin": "#",
    "pinterest": "#"
  },  
  {
    "img": "/assets/images/team/teamThumb1_4.jpg",  
    "title": "Dianne Russell",
    "desc": "co-Founder",
    "facebook": "#",
    "twitter": "#",
    "linkedin": "#",
    "pinterest": "#"
  },
  {
    "img": "/assets/images/team/teamThumb1_5.jpg",  
    "title": "Annette Black",
    "desc": "co-Founder",
    "facebook": "#",
    "twitter": "#",
    "linkedin": "#",
    "pinterest": "#"
  },  
  {
    "img": "/assets/images/team/teamThumb1_6.jpg",  
    "title": "Jacob Jones",
    "desc": "co-Founder",
    "facebook": "#",
    "twitter": "#",
    "linkedin": "#",
    "pinterest": "#"
  }  
]
