[
  {
    "img": "/assets/images/testimoial/testimonialProfileThumb1_1.jpg",
    "subTitle": "Team Leader",
    "title": "Jacob Jones",
    "desc": "There are many variations of passages of Lorem Ipsum available,a but chiropractor like majority have a suffered alteration in some form, by injected humour"  
  },
  {
    "img": "/assets/images/testimoial/testimonialProfileThumb1_2.jpg",
    "subTitle": "Team Leader",
    "title": "Masirul Jones",
    "desc": "There are many variations of passages of Lorem Ipsum available,a but chiropractor like majority have a suffered alteration in some form, by injected humour"
  },
  {
    "img": "/assets/images/testimoial/testimonialProfileThumb1_3.jpg",
    "subTitle": "Team Leader",
    "title": "Adam Jones",
    "desc": "There are many variations of passages of Lorem Ipsum available,a but chiropractor like majority have a suffered alteration in some form, by injected humour"
  },
  {
    "img": "/assets/images/testimoial/testimonialProfileThumb1_1.jpg",
    "subTitle": "Team Leader",
    "title": "Wade Warren",
    "desc": "There are many variations of passages of Lorem Ipsum available,a but chiropractor like majority have a suffered alteration in some form, by injected humour" 
  }, 
  {
    "img": "/assets/images/testimoial/testimonialProfileThumb1_2.jpg",
    "subTitle": "Team Leader",
    "title": "Masirul Jones",
    "desc": "There are many variations of passages of Lorem Ipsum available,a but chiropractor like majority have a suffered alteration in some form, by injected humour"
  },
  {
    "img": "/assets/images/testimoial/testimonialProfileThumb1_3.jpg",
    "subTitle": "Team Leader",
    "title": "Adam Jones",
    "desc": "There are many variations of passages of Lorem Ipsum available,a but chiropractor like majority have a suffered alteration in some form, by injected humour"
  }  
]
