[
  {
    "number": "01",
    "title": "Research Project",
    "desc": "There are many varations of passages of Loreum available, but the majority have suffered alteration" 
  },
  {
    "number": "02",
    "title": "Start Optimize",
    "desc": "There are many varations of passages of Loreum available, but the majority have suffered alteration" 
  },
  {
    "number": "03",
    "title": "Find Ideas",
    "desc": "There are many varations of passages of Loreum available, but the majority have suffered alteration" 
  },
  {
    "number": "04",
    "title": "Reach Target",
    "desc": "There are many varations of passages of Loreum available, but the majority have suffered alteration" 
  }    
]