{
    "version": "0.4",
    "title": "Blog",
    "type": "page",
    "metadata": {
        "template_type": "single-page",
        "include_in_zip": "1",
        "elementor_pro_required": null,
        "wp_page_template": "elementor_header_footer"
    },
    "content": [
        {
            "id": "1d6ac708",
            "settings": {
                "content_width": {
                    "unit": "px",
                    "size": "1200",
                    "sizes": []
                },
                "background_background": "classic",
                "border_width": {
                    "unit": "px",
                    "top": "0",
                    "right": "60",
                    "bottom": "0",
                    "left": "60",
                    "isLinked": ""
                },
                "z_index": "8",
                "__globals__": {
                    "background_color": "globals\/colors?id=1a3ed4d",
                    "border_color": "globals\/colors?id=1a3ed4d",
                    "background_overlay_color": "",
                    "background_overlay_color_b": ""
                },
                "background_overlay_background": "classic",
                "background_overlay_image": {
                    "url": "",
                    "id": "",
                    "alt": "",
                    "source": "library"
                },
                "background_overlay_position": "center center",
                "background_overlay_xpos": {
                    "unit": "px",
                    "size": "95",
                    "sizes": []
                },
                "background_overlay_ypos": {
                    "unit": "px",
                    "size": "307",
                    "sizes": []
                },
                "background_overlay_attachment": "fixed",
                "background_overlay_repeat": "no-repeat",
                "background_overlay_size": "initial",
                "background_overlay_bg_width": {
                    "unit": "%",
                    "size": "60",
                    "sizes": []
                },
                "background_overlay_opacity": {
                    "unit": "px",
                    "size": "1",
                    "sizes": []
                },
                "layout": "full_width",
                "background_image": {
                    "url": "",
                    "id": "",
                    "alt": "Team, smile and portrait of business people with solidarity, teamwork and community at a startup. S",
                    "source": "library"
                },
                "background_position": "center right",
                "background_repeat": "no-repeat",
                "background_size": "initial",
                "background_bg_width": {
                    "unit": "%",
                    "size": "66",
                    "sizes": []
                },
                "background_overlay_color_stop": {
                    "unit": "%",
                    "size": "53",
                    "sizes": []
                },
                "background_overlay_color_b": "#04162F00",
                "background_overlay_color_b_stop": {
                    "unit": "%",
                    "size": "43",
                    "sizes": []
                },
                "background_overlay_gradient_angle": {
                    "unit": "deg",
                    "size": "90",
                    "sizes": []
                },
                "border_color": "#FFFFFF",
                "margin": {
                    "unit": "px",
                    "top": "",
                    "right": "0",
                    "bottom": "",
                    "left": "0",
                    "isLinked": "1"
                },
                "padding": {
                    "unit": "px",
                    "top": "0",
                    "right": "20",
                    "bottom": "0",
                    "left": "20",
                    "isLinked": ""
                }
            },
            "elements": [
                {
                    "id": "2defd049",
                    "settings": {
                        "_column_size": "100",
                        "padding": {
                            "unit": "px",
                            "top": "200",
                            "right": "10",
                            "bottom": "140",
                            "left": "10",
                            "isLinked": ""
                        },
                        "background_background": "classic",
                        "background_image": {
                            "url": "",
                            "id": "",
                            "alt": "",
                            "source": "library"
                        },
                        "background_position": "top right",
                        "background_repeat": "repeat",
                        "background_overlay_background": "classic",
                        "background_overlay_image": {
                            "url": "https:\/\/templatekit.jegtheme.com\/geech\/wp-content\/uploads\/sites\/339\/2023\/02\/bg-gradient-2.jpg",
                            "id": "3801",
                            "alt": "",
                            "source": "library"
                        },
                        "background_overlay_position": "center center",
                        "background_overlay_xpos": {
                            "unit": "px",
                            "size": "-330",
                            "sizes": []
                        },
                        "background_overlay_ypos": {
                            "unit": "px",
                            "size": "-259",
                            "sizes": []
                        },
                        "background_overlay_attachment": "fixed",
                        "background_overlay_repeat": "no-repeat",
                        "background_overlay_size": "cover",
                        "background_overlay_bg_width": {
                            "unit": "%",
                            "size": "80",
                            "sizes": []
                        },
                        "background_overlay_opacity": {
                            "unit": "px",
                            "size": "0.4",
                            "sizes": []
                        },
                        "content_position": "center",
                        "border_radius": {
                            "unit": "px",
                            "top": "20",
                            "right": "20",
                            "bottom": "20",
                            "left": "20",
                            "isLinked": ""
                        },
                        "__globals__": {
                            "background_color": "globals\/colors?id=secondary"
                        },
                        "padding_tablet": {
                            "unit": "px",
                            "top": "180",
                            "right": "10",
                            "bottom": "120",
                            "left": "10",
                            "isLinked": ""
                        },
                        "padding_mobile": {
                            "unit": "px",
                            "top": "120",
                            "right": "10",
                            "bottom": "60",
                            "left": "10",
                            "isLinked": ""
                        }
                    },
                    "elements": [
                        {
                            "id": "1d0a851",
                            "settings": {
                                "content_width": {
                                    "unit": "px",
                                    "size": "1200",
                                    "sizes": []
                                },
                                "content_position": "middle"
                            },
                            "elements": [
                                {
                                    "id": "2047cd7b",
                                    "settings": {
                                        "_column_size": "100",
                                        "align": "center",
                                        "_inline_size_tablet": "100"
                                    },
                                    "elements": [
                                        {
                                            "id": "35461b86",
                                            "settings": {
                                                "sg_title_before": "Discover our ",
                                                "sg_title_focused": "blog",
                                                "sg_title_after": " and articles",
                                                "sg_title_html_tag": "h1",
                                                "sg_subtitle_heading": "Lorem ipsum dolor set amet",
                                                "sg_shadow_content": "news",
                                                "sg_separator_enable": "",
                                                "st_title_margin_responsive": {
                                                    "unit": "px",
                                                    "top": "-6",
                                                    "right": "0",
                                                    "bottom": "-10",
                                                    "left": "0",
                                                    "isLinked": ""
                                                },
                                                "st_focused_color_responsive": "#847AFF",
                                                "_animation": "fadeIn",
                                                "__globals__": {
                                                    "st_title_typography_content_typography_typography": "globals\/typography?id=f343721",
                                                    "st_focused_typography_content_typography_typography": "globals\/typography?id=f343721",
                                                    "st_title_color_responsive": "globals\/colors?id=primary",
                                                    "st_focused_gradient_color_background_color": "globals\/colors?id=accent",
                                                    "st_focused_gradient_color_background_color_b": "globals\/colors?id=591a5e1"
                                                },
                                                "_element_custom_width": {
                                                    "unit": "px",
                                                    "size": "540",
                                                    "sizes": []
                                                },
                                                "st_title_color_responsive": "#FFFFFF",
                                                "st_focused_color_style": "gradient",
                                                "st_focused_gradient_color_background_background": "gradient",
                                                "st_focused_gradient_color_background_color_stop": {
                                                    "unit": "%",
                                                    "size": "53",
                                                    "sizes": []
                                                },
                                                "st_focused_gradient_color_background_gradient_angle": {
                                                    "unit": "deg",
                                                    "size": "30",
                                                    "sizes": []
                                                },
                                                "st_general_alignment_responsive_tablet": "center",
                                                "st_general_alignment_responsive": "center",
                                                "_margin_tablet": {
                                                    "unit": "px",
                                                    "top": "0",
                                                    "right": "40",
                                                    "bottom": "0",
                                                    "left": "40",
                                                    "isLinked": ""
                                                },
                                                "_margin_mobile": {
                                                    "unit": "px",
                                                    "top": "0",
                                                    "right": "0",
                                                    "bottom": "0",
                                                    "left": "0",
                                                    "isLinked": ""
                                                }
                                            },
                                            "elements": [],
                                            "isInner": false,
                                            "widgetType": "jkit_heading",
                                            "elType": "widget"
                                        },
                                        {
                                            "id": "1dfae44f",
                                            "settings": {
                                                "editor": "Subscribe to learn about new product features, the latest in technology, solutions, and updates.",
                                                "align": "center",
                                                "__globals__": {
                                                    "typography_typography": "globals\/typography?id=c1ef31e"
                                                },
                                                "_element_width_tablet": "initial",
                                                "_element_width_mobile": "inherit",
                                                "_element_custom_width_tablet": {
                                                    "unit": "px",
                                                    "size": "390",
                                                    "sizes": []
                                                }
                                            },
                                            "elements": [],
                                            "isInner": false,
                                            "widgetType": "text-editor",
                                            "elType": "widget"
                                        }
                                    ],
                                    "isInner": "1",
                                    "elType": "column"
                                }
                            ],
                            "isInner": "1",
                            "elType": "section"
                        },
                        {
                            "id": "3765b221",
                            "settings": {
                                "content_width": {
                                    "unit": "px",
                                    "size": "570",
                                    "sizes": []
                                },
                                "margin": {
                                    "unit": "px",
                                    "top": "40",
                                    "right": "0",
                                    "bottom": "0",
                                    "left": "0",
                                    "isLinked": ""
                                },
                                "gap": "no",
                                "animation": "fadeIn",
                                "animation_delay": "400",
                                "margin_mobile": {
                                    "unit": "px",
                                    "top": "20",
                                    "right": "0",
                                    "bottom": "0",
                                    "left": "0",
                                    "isLinked": ""
                                }
                            },
                            "elements": [
                                {
                                    "id": "73ca677",
                                    "settings": {
                                        "_column_size": "100",
                                        "align": "center"
                                    },
                                    "elements": [
                                        {
                                            "id": "6628661f",
                                            "settings": {
                                                "sg_form_email_placeholder": "Enter Your Email",
                                                "sg_form_email_icon_enable": "",
                                                "sg_form_button_text": "Subscribe",
                                                "sg_form_button_icon_enable": "",
                                                "sg_form_success_message": "Successfully listed this email",
                                                "st_input_border_radius_responsive": {
                                                    "unit": "px",
                                                    "top": "50",
                                                    "right": "50",
                                                    "bottom": "50",
                                                    "left": "50",
                                                    "isLinked": "1"
                                                },
                                                "st_input_padding_responsive": {
                                                    "unit": "px",
                                                    "top": "22",
                                                    "right": "20",
                                                    "bottom": "22",
                                                    "left": "30",
                                                    "isLinked": ""
                                                },
                                                "st_input_border_border_border": "none",
                                                "st_input_width_responsive": {
                                                    "unit": "%",
                                                    "size": "100",
                                                    "sizes": []
                                                },
                                                "st_input_width_responsive_tablet": {
                                                    "unit": "%",
                                                    "size": "",
                                                    "sizes": []
                                                },
                                                "st_input_width_responsive_mobile": {
                                                    "unit": "%",
                                                    "size": "",
                                                    "sizes": []
                                                },
                                                "st_input_margin_right_responsive": {
                                                    "unit": "px",
                                                    "size": "-172",
                                                    "sizes": []
                                                },
                                                "st_button_border_radius_responsive": {
                                                    "unit": "px",
                                                    "top": "50",
                                                    "right": "50",
                                                    "bottom": "50",
                                                    "left": "50",
                                                    "isLinked": "1"
                                                },
                                                "st_button_padding_responsive": {
                                                    "unit": "px",
                                                    "top": "19",
                                                    "right": "38",
                                                    "bottom": "19",
                                                    "left": "39",
                                                    "isLinked": ""
                                                },
                                                "st_button_normal_background_background_background": "gradient",
                                                "st_button_hover_background_background_background": "gradient",
                                                "_element_custom_width": {
                                                    "unit": "px",
                                                    "size": "1000",
                                                    "sizes": []
                                                },
                                                "__globals__": {
                                                    "st_input_placeholder_color_responsive": "globals\/colors?id=3cb5f70",
                                                    "st_input_typography_content_typography_typography": "globals\/typography?id=text",
                                                    "st_input_placeholder_typography_content_typography_typography": "globals\/typography?id=text",
                                                    "st_input_color_responsive": "globals\/colors?id=primary",
                                                    "st_button_typography_content_typography_typography": "globals\/typography?id=ca813c1",
                                                    "st_button_normal_background_background_color": "globals\/colors?id=accent",
                                                    "st_button_normal_color_responsive": "globals\/colors?id=1a3ed4d",
                                                    "st_button_hover_background_background_color": "globals\/colors?id=primary",
                                                    "st_button_hover_color_responsive": "globals\/colors?id=1a3ed4d",
                                                    "st_button_hover_background_background_color_b": "globals\/colors?id=primary",
                                                    "st_button_normal_background_background_color_b": "globals\/colors?id=591a5e1"
                                                },
                                                "st_input_color_responsive": "#0C2A52",
                                                "st_button_normal_color_responsive": "#FFFFFF",
                                                "st_button_normal_background_background_color": "#847AFF",
                                                "st_button_hover_color_responsive": "#FFFFFF",
                                                "st_button_hover_background_background_color": "#0C2A52",
                                                "st_input_boxshadow_box_shadow_box_shadow": {
                                                    "horizontal": "0",
                                                    "vertical": "5",
                                                    "blur": "30",
                                                    "spread": "0",
                                                    "color": "rgba(12, 42.000000000000014, 81.99999999999999, 0.12)"
                                                },
                                                "st_button_normal_background_background_gradient_angle": {
                                                    "unit": "deg",
                                                    "size": "80",
                                                    "sizes": []
                                                },
                                                "st_button_hover_background_background_gradient_angle": {
                                                    "unit": "deg",
                                                    "size": "347",
                                                    "sizes": []
                                                },
                                                "st_input_margin_right_responsive_mobile": {
                                                    "unit": "px",
                                                    "size": "0",
                                                    "sizes": []
                                                },
                                                "st_button_padding_responsive_mobile": {
                                                    "unit": "px",
                                                    "top": "17",
                                                    "right": "34",
                                                    "bottom": "17",
                                                    "left": "34",
                                                    "isLinked": ""
                                                },
                                                "st_input_padding_responsive_mobile": {
                                                    "unit": "px",
                                                    "top": "15",
                                                    "right": "20",
                                                    "bottom": "15",
                                                    "left": "30",
                                                    "isLinked": ""
                                                },
                                                "st_input_margin_bottom_responsive_mobile": {
                                                    "unit": "px",
                                                    "size": "14",
                                                    "sizes": []
                                                },
                                                "st_button_width_responsive_mobile": {
                                                    "unit": "%",
                                                    "size": "100",
                                                    "sizes": []
                                                }
                                            },
                                            "elements": [],
                                            "isInner": false,
                                            "widgetType": "jkit_mailchimp",
                                            "elType": "widget"
                                        }
                                    ],
                                    "isInner": "1",
                                    "elType": "column"
                                }
                            ],
                            "isInner": "1",
                            "elType": "section"
                        }
                    ],
                    "isInner": "",
                    "elType": "column"
                }
            ],
            "isInner": "",
            "elType": "section"
        },
        {
            "id": "3e8916bf",
            "settings": {
                "padding": {
                    "unit": "px",
                    "top": "140",
                    "right": "0",
                    "bottom": "120",
                    "left": "0",
                    "isLinked": ""
                },
                "background_background": "classic",
                "z_index": "6",
                "__globals__": {
                    "background_color": "globals\/colors?id=1a3ed4d",
                    "background_color_b": ""
                },
                "content_width": {
                    "unit": "px",
                    "size": "1200",
                    "sizes": []
                },
                "background_overlay_background": "classic",
                "background_overlay_image": {
                    "url": "",
                    "id": "",
                    "alt": "",
                    "source": "library"
                },
                "background_overlay_position": "bottom center",
                "background_overlay_attachment": "fixed",
                "background_overlay_repeat": "no-repeat",
                "background_overlay_size": "cover",
                "background_color_stop": {
                    "unit": "%",
                    "size": "20",
                    "sizes": []
                },
                "background_color_b": "#EBF6FF",
                "background_color_b_stop": {
                    "unit": "%",
                    "size": "80",
                    "sizes": []
                },
                "background_gradient_type": "radial",
                "background_gradient_position": "bottom center",
                "background_overlay_color_stop": {
                    "unit": "%",
                    "size": "16",
                    "sizes": []
                },
                "background_overlay_color_b": "#EBF6FF",
                "background_overlay_color_b_stop": {
                    "unit": "%",
                    "size": "88",
                    "sizes": []
                },
                "background_overlay_gradient_type": "radial",
                "background_overlay_opacity": {
                    "unit": "px",
                    "size": "0.32",
                    "sizes": []
                },
                "padding_tablet": {
                    "unit": "px",
                    "top": "100",
                    "right": "10",
                    "bottom": "100",
                    "left": "10",
                    "isLinked": ""
                },
                "padding_mobile": {
                    "unit": "px",
                    "top": "60",
                    "right": "10",
                    "bottom": "60",
                    "left": "10",
                    "isLinked": ""
                }
            },
            "elements": [
                {
                    "id": "20dc4e04",
                    "settings": {
                        "_column_size": "100",
                        "padding_mobile": {
                            "unit": "px",
                            "top": "10",
                            "right": "10",
                            "bottom": "10",
                            "left": "10",
                            "isLinked": ""
                        }
                    },
                    "elements": [
                        {
                            "id": "1d41e611",
                            "settings": {
                                "sg_content_postblock_type": "type-3",
                                "sg_content_image_size_imagesize_size": "full",
                                "sg_content_column_responsive": {
                                    "unit": "px",
                                    "size": "2",
                                    "sizes": []
                                },
                                "sg_content_excerpt_length": {
                                    "unit": "px",
                                    "size": "22",
                                    "sizes": []
                                },
                                "sg_content_excerpt_more": "...",
                                "sg_content_readmore_enable": "",
                                "sg_content_readmore_text": "Read More",
                                "sg_content_comment_enable": "",
                                "sg_content_meta_enable": "",
                                "sg_content_meta_author_by_text": "by",
                                "sg_content_meta_date_format_custom": "F j, Y",
                                "pagination_prev_text": "Previous",
                                "pagination_next_text": "Next",
                                "pagination_loadmore_text": "Load More",
                                "pagination_loading_text": "Loading...",
                                "st_thumbnail_container_height_responsive": {
                                    "unit": "px",
                                    "size": "420",
                                    "sizes": []
                                },
                                "st_thumbnail_container_border_radius_responsive": {
                                    "unit": "px",
                                    "top": "10",
                                    "right": "10",
                                    "bottom": "10",
                                    "left": "10",
                                    "isLinked": "1"
                                },
                                "st_nocontent_text": "No Content Available",
                                "__globals__": {
                                    "st_title_normal_typography_content_typography_typography": "globals\/typography?id=10ff848",
                                    "st_title_normal_color_responsive": "globals\/colors?id=primary",
                                    "st_title_hover_color_responsive": "globals\/colors?id=accent",
                                    "st_excerpt_typography_content_typography_typography": "globals\/typography?id=text",
                                    "st_excerpt_color_responsive": "globals\/colors?id=text",
                                    "st_readmore_typography_content_typography_typography": "globals\/typography?id=1da9dae",
                                    "st_category_typography_content_typography_typography": "globals\/typography?id=9e7e276",
                                    "st_category_background_background_color": "globals\/colors?id=5d457a5",
                                    "st_category_color_responsive": "globals\/colors?id=primary",
                                    "st_pagination_typography_content_typography_typography": "globals\/typography?id=ca813c1",
                                    "st_pagination_normal_background_background_color": "globals\/colors?id=accent",
                                    "st_pagination_normal_background_background_color_b": "globals\/colors?id=591a5e1",
                                    "st_pagination_normal_color_responsive": "globals\/colors?id=1a3ed4d",
                                    "st_pagination_hover_background_background_color_b": "globals\/colors?id=primary",
                                    "st_pagination_hover_background_background_color": "globals\/colors?id=primary",
                                    "st_pagination_hover_color_responsive": "globals\/colors?id=1a3ed4d"
                                },
                                "number_post": {
                                    "unit": "px",
                                    "size": "6",
                                    "sizes": []
                                },
                                "st_category_position": "left",
                                "st_category_padding_responsive": {
                                    "unit": "px",
                                    "top": "12",
                                    "right": "16",
                                    "bottom": "12",
                                    "left": "16",
                                    "isLinked": ""
                                },
                                "st_category_margin_responsive": {
                                    "unit": "px",
                                    "top": "0",
                                    "right": "0",
                                    "bottom": "20",
                                    "left": "20",
                                    "isLinked": ""
                                },
                                "st_category_border_radius_responsive": {
                                    "unit": "px",
                                    "top": "5",
                                    "right": "5",
                                    "bottom": "5",
                                    "left": "5",
                                    "isLinked": "1"
                                },
                                "st_category_background_background_background": "classic",
                                "st_title_margin_responsive": {
                                    "unit": "px",
                                    "top": "20",
                                    "right": "0",
                                    "bottom": "0",
                                    "left": "0",
                                    "isLinked": ""
                                },
                                "st_excerpt_margin_responsive": {
                                    "unit": "px",
                                    "top": "10",
                                    "right": "20",
                                    "bottom": "0",
                                    "left": "0",
                                    "isLinked": ""
                                },
                                "pagination_mode": "loadmore",
                                "st_pagination_margin_responsive": {
                                    "unit": "px",
                                    "top": "40",
                                    "right": "0",
                                    "bottom": "0",
                                    "left": "0",
                                    "isLinked": ""
                                },
                                "st_pagination_padding_responsive": {
                                    "unit": "px",
                                    "top": "19",
                                    "right": "38",
                                    "bottom": "19",
                                    "left": "38",
                                    "isLinked": ""
                                },
                                "st_pagination_width_responsive": {
                                    "unit": "%",
                                    "size": "50",
                                    "sizes": []
                                },
                                "st_pagination_icon_spacing_responsive": {
                                    "unit": "px",
                                    "size": "0",
                                    "sizes": []
                                },
                                "st_pagination_normal_background_background_background": "gradient",
                                "st_pagination_normal_background_background_gradient_angle": {
                                    "unit": "deg",
                                    "size": "80",
                                    "sizes": []
                                },
                                "st_pagination_normal_border_radius_responsive": {
                                    "unit": "px",
                                    "top": "50",
                                    "right": "50",
                                    "bottom": "50",
                                    "left": "50",
                                    "isLinked": "1"
                                },
                                "st_pagination_normal_border_border_border": "none",
                                "st_pagination_normal_boxshadow_box_shadow_box_shadow_type": "yes",
                                "st_pagination_normal_boxshadow_box_shadow_box_shadow": {
                                    "horizontal": "0",
                                    "vertical": "0",
                                    "blur": "0",
                                    "spread": "0",
                                    "color": "rgba(0,0,0,0.5)"
                                },
                                "st_pagination_hover_background_background_background": "gradient",
                                "st_post_item_margin_responsive_mobile": {
                                    "unit": "px",
                                    "top": "0",
                                    "right": "0",
                                    "bottom": "20",
                                    "left": "0",
                                    "isLinked": ""
                                },
                                "st_thumbnail_container_height_responsive_tablet": {
                                    "unit": "px",
                                    "size": "480",
                                    "sizes": []
                                },
                                "st_thumbnail_container_height_responsive_mobile": {
                                    "unit": "px",
                                    "size": "260",
                                    "sizes": []
                                },
                                "st_category_padding_responsive_mobile": {
                                    "unit": "px",
                                    "top": "10",
                                    "right": "12",
                                    "bottom": "10",
                                    "left": "12",
                                    "isLinked": ""
                                },
                                "st_pagination_margin_responsive_tablet": {
                                    "unit": "px",
                                    "top": "40",
                                    "right": "0",
                                    "bottom": "0",
                                    "left": "0",
                                    "isLinked": ""
                                },
                                "st_pagination_margin_responsive_mobile": {
                                    "unit": "px",
                                    "top": "0",
                                    "right": "0",
                                    "bottom": "0",
                                    "left": "0",
                                    "isLinked": ""
                                },
                                "st_pagination_padding_responsive_mobile": {
                                    "unit": "px",
                                    "top": "16",
                                    "right": "0",
                                    "bottom": "16",
                                    "left": "0",
                                    "isLinked": ""
                                }
                            },
                            "elements": [],
                            "isInner": false,
                            "widgetType": "jkit_post_block",
                            "elType": "widget"
                        }
                    ],
                    "isInner": "",
                    "elType": "column"
                }
            ],
            "isInner": "",
            "elType": "section"
        }
    ]
}