{
    "version": "0.4",
    "title": "FAQ",
    "type": "page",
    "metadata": {
        "template_type": "single-page",
        "include_in_zip": "1",
        "elementor_pro_required": null,
        "wp_page_template": "elementor_header_footer"
    },
    "content": [
        {
            "id": "5cafdda",
            "settings": {
                "content_width": {
                    "unit": "px",
                    "size": "1200",
                    "sizes": []
                },
                "background_background": "classic",
                "border_width": {
                    "unit": "px",
                    "top": "0",
                    "right": "60",
                    "bottom": "0",
                    "left": "60",
                    "isLinked": ""
                },
                "z_index": "8",
                "__globals__": {
                    "background_color": "globals\/colors?id=1a3ed4d",
                    "border_color": "globals\/colors?id=1a3ed4d",
                    "background_overlay_color": "",
                    "background_overlay_color_b": ""
                },
                "background_overlay_background": "classic",
                "background_overlay_image": {
                    "url": "",
                    "id": "",
                    "alt": "",
                    "source": "library"
                },
                "background_overlay_position": "center center",
                "background_overlay_xpos": {
                    "unit": "px",
                    "size": "95",
                    "sizes": []
                },
                "background_overlay_ypos": {
                    "unit": "px",
                    "size": "307",
                    "sizes": []
                },
                "background_overlay_attachment": "fixed",
                "background_overlay_repeat": "no-repeat",
                "background_overlay_size": "initial",
                "background_overlay_bg_width": {
                    "unit": "%",
                    "size": "60",
                    "sizes": []
                },
                "background_overlay_opacity": {
                    "unit": "px",
                    "size": "1",
                    "sizes": []
                },
                "layout": "full_width",
                "background_image": {
                    "url": "",
                    "id": "",
                    "alt": "Team, smile and portrait of business people with solidarity, teamwork and community at a startup. S",
                    "source": "library"
                },
                "background_position": "center right",
                "background_repeat": "no-repeat",
                "background_size": "initial",
                "background_bg_width": {
                    "unit": "%",
                    "size": "66",
                    "sizes": []
                },
                "background_overlay_color_stop": {
                    "unit": "%",
                    "size": "53",
                    "sizes": []
                },
                "background_overlay_color_b": "#04162F00",
                "background_overlay_color_b_stop": {
                    "unit": "%",
                    "size": "43",
                    "sizes": []
                },
                "background_overlay_gradient_angle": {
                    "unit": "deg",
                    "size": "90",
                    "sizes": []
                },
                "border_color": "#FFFFFF",
                "margin": {
                    "unit": "px",
                    "top": "",
                    "right": "0",
                    "bottom": "",
                    "left": "0",
                    "isLinked": "1"
                },
                "padding": {
                    "unit": "px",
                    "top": "0",
                    "right": "20",
                    "bottom": "0",
                    "left": "20",
                    "isLinked": ""
                }
            },
            "elements": [
                {
                    "id": "76abf29d",
                    "settings": {
                        "_column_size": "100",
                        "padding": {
                            "unit": "px",
                            "top": "200",
                            "right": "10",
                            "bottom": "140",
                            "left": "10",
                            "isLinked": ""
                        },
                        "background_background": "classic",
                        "background_image": {
                            "url": "",
                            "id": "",
                            "alt": "",
                            "source": "library"
                        },
                        "background_position": "top right",
                        "background_repeat": "repeat",
                        "background_overlay_background": "classic",
                        "background_overlay_image": {
                            "url": "https:\/\/templatekit.jegtheme.com\/geech\/wp-content\/uploads\/sites\/339\/2023\/02\/bg-gradient-2.jpg",
                            "id": "3801",
                            "alt": "",
                            "source": "library"
                        },
                        "background_overlay_position": "center center",
                        "background_overlay_xpos": {
                            "unit": "px",
                            "size": "-330",
                            "sizes": []
                        },
                        "background_overlay_ypos": {
                            "unit": "px",
                            "size": "-259",
                            "sizes": []
                        },
                        "background_overlay_attachment": "fixed",
                        "background_overlay_repeat": "no-repeat",
                        "background_overlay_size": "cover",
                        "background_overlay_bg_width": {
                            "unit": "%",
                            "size": "80",
                            "sizes": []
                        },
                        "background_overlay_opacity": {
                            "unit": "px",
                            "size": "0.4",
                            "sizes": []
                        },
                        "content_position": "center",
                        "border_radius": {
                            "unit": "px",
                            "top": "20",
                            "right": "20",
                            "bottom": "20",
                            "left": "20",
                            "isLinked": ""
                        },
                        "__globals__": {
                            "background_color": "globals\/colors?id=secondary"
                        },
                        "padding_tablet": {
                            "unit": "px",
                            "top": "180",
                            "right": "10",
                            "bottom": "120",
                            "left": "10",
                            "isLinked": ""
                        },
                        "padding_mobile": {
                            "unit": "px",
                            "top": "120",
                            "right": "10",
                            "bottom": "60",
                            "left": "10",
                            "isLinked": ""
                        }
                    },
                    "elements": [
                        {
                            "id": "676161c2",
                            "settings": {
                                "content_width": {
                                    "unit": "px",
                                    "size": "1200",
                                    "sizes": []
                                },
                                "content_position": "middle"
                            },
                            "elements": [
                                {
                                    "id": "1eb790a7",
                                    "settings": {
                                        "_column_size": "100",
                                        "align": "center",
                                        "_inline_size_tablet": "100"
                                    },
                                    "elements": [
                                        {
                                            "id": "48e6e82f",
                                            "settings": {
                                                "sg_title_before": "Get your ",
                                                "sg_title_focused": "questions",
                                                "sg_title_after": " answered",
                                                "sg_title_html_tag": "h1",
                                                "sg_subtitle_heading": "Lorem ipsum dolor set amet",
                                                "sg_shadow_content": "news",
                                                "sg_separator_enable": "",
                                                "st_title_margin_responsive": {
                                                    "unit": "px",
                                                    "top": "-6",
                                                    "right": "0",
                                                    "bottom": "-10",
                                                    "left": "0",
                                                    "isLinked": ""
                                                },
                                                "st_focused_color_responsive": "#847AFF",
                                                "_animation": "fadeIn",
                                                "__globals__": {
                                                    "st_title_typography_content_typography_typography": "globals\/typography?id=f343721",
                                                    "st_focused_typography_content_typography_typography": "globals\/typography?id=f343721",
                                                    "st_title_color_responsive": "globals\/colors?id=primary",
                                                    "st_focused_gradient_color_background_color": "globals\/colors?id=accent",
                                                    "st_focused_gradient_color_background_color_b": "globals\/colors?id=591a5e1"
                                                },
                                                "_element_custom_width": {
                                                    "unit": "px",
                                                    "size": "540",
                                                    "sizes": []
                                                },
                                                "st_title_color_responsive": "#FFFFFF",
                                                "st_focused_color_style": "gradient",
                                                "st_focused_gradient_color_background_background": "gradient",
                                                "st_focused_gradient_color_background_color_stop": {
                                                    "unit": "%",
                                                    "size": "53",
                                                    "sizes": []
                                                },
                                                "st_focused_gradient_color_background_gradient_angle": {
                                                    "unit": "deg",
                                                    "size": "30",
                                                    "sizes": []
                                                },
                                                "st_general_alignment_responsive_tablet": "center",
                                                "st_general_alignment_responsive": "center",
                                                "_margin_tablet": {
                                                    "unit": "px",
                                                    "top": "0",
                                                    "right": "40",
                                                    "bottom": "0",
                                                    "left": "40",
                                                    "isLinked": ""
                                                },
                                                "_margin_mobile": {
                                                    "unit": "px",
                                                    "top": "0",
                                                    "right": "0",
                                                    "bottom": "0",
                                                    "left": "0",
                                                    "isLinked": ""
                                                }
                                            },
                                            "elements": [],
                                            "isInner": false,
                                            "widgetType": "jkit_heading",
                                            "elType": "widget"
                                        },
                                        {
                                            "id": "8a1e82c",
                                            "settings": {
                                                "editor": "Everything you need to know about the product and billing.",
                                                "align": "center",
                                                "__globals__": {
                                                    "typography_typography": "globals\/typography?id=c1ef31e"
                                                },
                                                "_element_width_tablet": "inherit",
                                                "_element_width_mobile": "inherit",
                                                "_element_custom_width_tablet": {
                                                    "unit": "px",
                                                    "size": "504",
                                                    "sizes": []
                                                },
                                                "_animation": "fadeIn",
                                                "_animation_delay": "200"
                                            },
                                            "elements": [],
                                            "isInner": false,
                                            "widgetType": "text-editor",
                                            "elType": "widget"
                                        }
                                    ],
                                    "isInner": "1",
                                    "elType": "column"
                                }
                            ],
                            "isInner": "1",
                            "elType": "section"
                        }
                    ],
                    "isInner": "",
                    "elType": "column"
                }
            ],
            "isInner": "",
            "elType": "section"
        },
        {
            "id": "79fbc6cf",
            "settings": {
                "padding": {
                    "unit": "px",
                    "top": "120",
                    "right": "0",
                    "bottom": "0",
                    "left": "0",
                    "isLinked": ""
                },
                "background_background": "classic",
                "z_index": "6",
                "__globals__": {
                    "background_color": "globals\/colors?id=1a3ed4d",
                    "background_color_b": ""
                },
                "content_width": {
                    "unit": "px",
                    "size": "1200",
                    "sizes": []
                },
                "background_overlay_background": "classic",
                "background_overlay_image": {
                    "url": "",
                    "id": "",
                    "alt": "",
                    "source": "library"
                },
                "background_overlay_position": "bottom center",
                "background_overlay_attachment": "fixed",
                "background_overlay_repeat": "no-repeat",
                "background_overlay_size": "cover",
                "background_color_stop": {
                    "unit": "%",
                    "size": "20",
                    "sizes": []
                },
                "background_color_b": "#EBF6FF",
                "background_color_b_stop": {
                    "unit": "%",
                    "size": "80",
                    "sizes": []
                },
                "background_gradient_type": "radial",
                "background_gradient_position": "bottom center",
                "background_overlay_color_stop": {
                    "unit": "%",
                    "size": "16",
                    "sizes": []
                },
                "background_overlay_color_b": "#EBF6FF",
                "background_overlay_color_b_stop": {
                    "unit": "%",
                    "size": "88",
                    "sizes": []
                },
                "background_overlay_gradient_type": "radial",
                "background_overlay_opacity": {
                    "unit": "px",
                    "size": "0.32",
                    "sizes": []
                },
                "padding_tablet": {
                    "unit": "px",
                    "top": "100",
                    "right": "10",
                    "bottom": "100",
                    "left": "10",
                    "isLinked": ""
                },
                "padding_mobile": {
                    "unit": "px",
                    "top": "60",
                    "right": "10",
                    "bottom": "60",
                    "left": "10",
                    "isLinked": ""
                },
                "structure": "20"
            },
            "elements": [
                {
                    "id": "1a830125",
                    "settings": {
                        "_column_size": "50",
                        "padding_mobile": {
                            "unit": "px",
                            "top": "10",
                            "right": "10",
                            "bottom": "10",
                            "left": "10",
                            "isLinked": ""
                        },
                        "_inline_size": "37.333",
                        "_inline_size_tablet": "100",
                        "align_tablet": "center",
                        "jkit_sticky_section": "enabled",
                        "jkit_sticky_device": [
                            "desktop"
                        ]
                    },
                    "elements": [
                        {
                            "id": "6db1769d",
                            "settings": {
                                "title": "Most popular questions",
                                "align": "left",
                                "align_tablet": "center",
                                "__globals__": {
                                    "typography_typography": "globals\/typography?id=secondary"
                                }
                            },
                            "elements": [],
                            "isInner": false,
                            "widgetType": "heading",
                            "elType": "widget"
                        },
                        {
                            "id": "5fc6bb9f",
                            "settings": {
                                "editor": "These questions often cover a broad range of topics, and can include anything from basic inquiries about a product or service.",
                                "align_tablet": "center",
                                "_element_width": "initial",
                                "_element_width_tablet": "initial",
                                "_element_custom_width": {
                                    "unit": "px",
                                    "size": "370",
                                    "sizes": []
                                },
                                "_element_custom_width_tablet": {
                                    "unit": "px",
                                    "size": "464",
                                    "sizes": []
                                }
                            },
                            "elements": [],
                            "isInner": false,
                            "widgetType": "text-editor",
                            "elType": "widget"
                        }
                    ],
                    "isInner": "",
                    "elType": "column"
                },
                {
                    "id": "63c7b079",
                    "settings": {
                        "_column_size": "50",
                        "padding_mobile": {
                            "unit": "px",
                            "top": "10",
                            "right": "10",
                            "bottom": "10",
                            "left": "10",
                            "isLinked": ""
                        },
                        "_inline_size": "62.667",
                        "_inline_size_tablet": "100",
                        "margin": {
                            "unit": "px",
                            "top": "0",
                            "right": "0",
                            "bottom": "0",
                            "left": "80",
                            "isLinked": ""
                        },
                        "margin_tablet": {
                            "unit": "px",
                            "top": "40",
                            "right": "0",
                            "bottom": "0",
                            "left": "0",
                            "isLinked": ""
                        },
                        "margin_mobile": {
                            "unit": "px",
                            "top": "20",
                            "right": "0",
                            "bottom": "0",
                            "left": "0",
                            "isLinked": ""
                        }
                    },
                    "elements": [
                        {
                            "id": "6fd52855",
                            "settings": {
                                "sg_accordion_list": [
                                    {
                                        "sg_accordion_list_title": "How secure is my data with Geech SaaS?",
                                        "sg_accordion_list_content": "consectetur adipiscing elit, sed do eiusmod tempor incididunt ut labore et dolore magna aliqua. Ut enim ad minim veniam, quis nostrud exercitation ullamco laboris nisi ut aliquip ex ea commodo consequat. Duis aute irure dolor in reprehenderit in voluptate velit.",
                                        "_id": "8cc68db",
                                        "sg_accordion_list_open": "yes"
                                    },
                                    {
                                        "sg_accordion_list_title": "What kind of support do I get from any plan?",
                                        "sg_accordion_list_content": "consectetur adipiscing elit, sed do eiusmod tempor incididunt ut labore et dolore magna aliqua. Ut enim ad minim veniam, quis nostrud exercitation ullamco laboris nisi ut aliquip ex ea commodo consequat. Duis aute irure dolor in reprehenderit in voluptate velit esse cillum dolore eu fugiat nulla pariatur.",
                                        "_id": "5df22aa"
                                    },
                                    {
                                        "sg_accordion_list_title": "Can i trial Geech SaaS before paying?",
                                        "sg_accordion_list_content": "consectetur adipiscing elit, sed do eiusmod tempor incididunt ut labore et dolore magna aliqua. Ut enim ad minim veniam, quis nostrud exercitation ullamco laboris nisi ut aliquip ex ea commodo consequat. Duis aute irure dolor in reprehenderit in voluptate velit esse cillum dolore eu fugiat nulla pariatur.",
                                        "_id": "0b253be"
                                    },
                                    {
                                        "sg_accordion_list_title": "What payment methods are available? ",
                                        "sg_accordion_list_content": "consectetur adipiscing elit, sed do eiusmod tempor incididunt ut labore et dolore magna aliqua. Ut enim ad minim veniam, quis nostrud exercitation ullamco laboris nisi ut aliquip ex ea commodo consequat. Duis aute irure dolor in reprehenderit in voluptate velit esse cillum dolore eu fugiat nulla pariatur.",
                                        "_id": "06a8d28"
                                    }
                                ],
                                "st_wrapper_margin_responsive": {
                                    "unit": "px",
                                    "top": "0",
                                    "right": "0",
                                    "bottom": "-5",
                                    "left": "0",
                                    "isLinked": ""
                                },
                                "st_wrapper_padding_responsive": {
                                    "unit": "px",
                                    "top": "40",
                                    "right": "0",
                                    "bottom": "40",
                                    "left": "30",
                                    "isLinked": ""
                                },
                                "st_wrapper_open_background_background_background": "classic",
                                "st_wrapper_open_border_border_border": "solid",
                                "st_wrapper_open_border_border_width": {
                                    "unit": "px",
                                    "top": "1",
                                    "right": "1",
                                    "bottom": "1",
                                    "left": "1",
                                    "isLinked": "1"
                                },
                                "st_wrapper_open_border_radius_responsive": {
                                    "unit": "px",
                                    "top": "5",
                                    "right": "5",
                                    "bottom": "5",
                                    "left": "5",
                                    "isLinked": "1"
                                },
                                "st_wrapper_open_boxshadow_box_shadow_box_shadow_type": "yes",
                                "st_wrapper_open_boxshadow_box_shadow_box_shadow": {
                                    "horizontal": "0",
                                    "vertical": "5",
                                    "blur": "30",
                                    "spread": "0",
                                    "color": "rgba(11.99999999999998, 41.99999999999998, 81.99999999999991, 0.16)"
                                },
                                "st_wrapper_close_border_border_border": "solid",
                                "st_wrapper_close_border_border_width": {
                                    "unit": "px",
                                    "top": "0",
                                    "right": "0",
                                    "bottom": "1",
                                    "left": "0",
                                    "isLinked": ""
                                },
                                "st_title_open_color_responsive": "#0C2A52",
                                "st_title_open_background_background_background": "classic",
                                "st_title_open_background_background_color": "#02010100",
                                "st_title_open_margin_responsive": {
                                    "unit": "px",
                                    "top": "0",
                                    "right": "0",
                                    "bottom": "5",
                                    "left": "0",
                                    "isLinked": ""
                                },
                                "st_title_close_color_responsive": "#0C2A52",
                                "st_title_close_background_background_background": "classic",
                                "st_title_close_background_background_color": "#02010100",
                                "st_description_padding_responsive": {
                                    "unit": "px",
                                    "top": "10",
                                    "right": "100",
                                    "bottom": "0",
                                    "left": "30",
                                    "isLinked": ""
                                },
                                "st_description_open_margin_responsive": {
                                    "unit": "px",
                                    "top": "-1",
                                    "right": "0",
                                    "bottom": "0",
                                    "left": "0",
                                    "isLinked": ""
                                },
                                "st_description_close_margin_responsive": {
                                    "unit": "px",
                                    "top": "0",
                                    "right": "0",
                                    "bottom": "0",
                                    "left": "-1",
                                    "isLinked": ""
                                },
                                "st_border_border_border_width": {
                                    "unit": "px",
                                    "top": "0",
                                    "right": "0",
                                    "bottom": "0",
                                    "left": "0",
                                    "isLinked": ""
                                },
                                "st_border_border_radius_responsive": {
                                    "unit": "px",
                                    "top": "0",
                                    "right": "0",
                                    "bottom": "0",
                                    "left": "0",
                                    "isLinked": ""
                                },
                                "_margin": {
                                    "unit": "px",
                                    "top": "0",
                                    "right": "0",
                                    "bottom": "0",
                                    "left": "0",
                                    "isLinked": ""
                                },
                                "__globals__": {
                                    "st_title_close_color_responsive": "globals\/colors?id=primary",
                                    "st_title_open_color_responsive": "globals\/colors?id=primary",
                                    "st_description_color_responsive": "globals\/colors?id=text",
                                    "st_wrapper_open_border_border_color": "",
                                    "st_icon_open_color_responsive": "globals\/colors?id=accent",
                                    "st_icon_close_color_responsive": "globals\/colors?id=primary",
                                    "st_title_typography_content_typography_typography": "globals\/typography?id=db206f4",
                                    "st_description_typography_content_typography_typography": "globals\/typography?id=text",
                                    "st_wrapper_open_background_background_color": "globals\/colors?id=1a3ed4d",
                                    "st_wrapper_close_border_border_color": "globals\/colors?id=1104bac"
                                },
                                "sg_icon_right": {
                                    "value": "jki jki-chevron-down-light",
                                    "library": "jkiticon"
                                },
                                "sg_icon_right_active": {
                                    "value": "jki jki-times-solid",
                                    "library": "jkiticon"
                                },
                                "st_title_close_margin_responsive": {
                                    "unit": "px",
                                    "top": "10",
                                    "right": "3",
                                    "bottom": "0",
                                    "left": "0",
                                    "isLinked": ""
                                },
                                "st_title_padding_responsive": {
                                    "unit": "px",
                                    "top": "0",
                                    "right": "0",
                                    "bottom": "0",
                                    "left": "30",
                                    "isLinked": ""
                                },
                                "st_icon_open_size_responsive": {
                                    "unit": "px",
                                    "size": "24",
                                    "sizes": []
                                },
                                "st_icon_close_size_responsive": {
                                    "unit": "px",
                                    "size": "20",
                                    "sizes": []
                                },
                                "st_wrapper_open_border_border_color": "#E9EAEC00",
                                "st_icon_open_color_responsive": "#847AFF",
                                "st_icon_close_color_responsive": "#0C2A52",
                                "st_description_color_responsive": "#0C2A52A6",
                                "st_wrapper_padding_responsive_mobile": {
                                    "unit": "px",
                                    "top": "30",
                                    "right": "0",
                                    "bottom": "30",
                                    "left": "0",
                                    "isLinked": ""
                                },
                                "st_title_open_margin_responsive_mobile": {
                                    "unit": "px",
                                    "top": "0",
                                    "right": "0",
                                    "bottom": "5",
                                    "left": "0",
                                    "isLinked": ""
                                },
                                "st_title_close_margin_responsive_mobile": {
                                    "unit": "px",
                                    "top": "10",
                                    "right": "5",
                                    "bottom": "0",
                                    "left": "0",
                                    "isLinked": ""
                                },
                                "st_title_padding_responsive_mobile": {
                                    "unit": "px",
                                    "top": "0",
                                    "right": "30",
                                    "bottom": "0",
                                    "left": "30",
                                    "isLinked": ""
                                },
                                "st_description_padding_responsive_mobile": {
                                    "unit": "px",
                                    "top": "20",
                                    "right": "30",
                                    "bottom": "0",
                                    "left": "30",
                                    "isLinked": ""
                                },
                                "st_icon_margin_responsive_mobile": {
                                    "unit": "px",
                                    "top": "0",
                                    "right": "20",
                                    "bottom": "0",
                                    "left": "0",
                                    "isLinked": ""
                                },
                                "st_icon_open_size_responsive_mobile": {
                                    "unit": "px",
                                    "size": "20",
                                    "sizes": []
                                },
                                "st_icon_close_size_responsive_mobile": {
                                    "unit": "px",
                                    "size": "18",
                                    "sizes": []
                                },
                                "_margin_mobile": {
                                    "unit": "px",
                                    "top": "0",
                                    "right": "0",
                                    "bottom": "0",
                                    "left": "0",
                                    "isLinked": ""
                                },
                                "st_wrapper_open_background_background_color": "#FFFFFF",
                                "st_wrapper_close_border_border_color": "#E9EAEC"
                            },
                            "elements": [],
                            "isInner": false,
                            "widgetType": "jkit_accordion",
                            "elType": "widget"
                        }
                    ],
                    "isInner": "",
                    "elType": "column"
                }
            ],
            "isInner": "",
            "elType": "section"
        },
        {
            "id": "48658f56",
            "settings": {
                "padding": {
                    "unit": "px",
                    "top": "140",
                    "right": "0",
                    "bottom": "120",
                    "left": "0",
                    "isLinked": ""
                },
                "background_background": "classic",
                "z_index": "6",
                "__globals__": {
                    "background_color": "globals\/colors?id=1a3ed4d",
                    "background_color_b": ""
                },
                "content_width": {
                    "unit": "px",
                    "size": "1200",
                    "sizes": []
                },
                "background_overlay_background": "classic",
                "background_overlay_image": {
                    "url": "",
                    "id": "",
                    "alt": "",
                    "source": "library"
                },
                "background_overlay_position": "bottom center",
                "background_overlay_attachment": "fixed",
                "background_overlay_repeat": "no-repeat",
                "background_overlay_size": "cover",
                "background_color_stop": {
                    "unit": "%",
                    "size": "20",
                    "sizes": []
                },
                "background_color_b": "#EBF6FF",
                "background_color_b_stop": {
                    "unit": "%",
                    "size": "80",
                    "sizes": []
                },
                "background_gradient_type": "radial",
                "background_gradient_position": "bottom center",
                "background_overlay_color_stop": {
                    "unit": "%",
                    "size": "16",
                    "sizes": []
                },
                "background_overlay_color_b": "#EBF6FF",
                "background_overlay_color_b_stop": {
                    "unit": "%",
                    "size": "88",
                    "sizes": []
                },
                "background_overlay_gradient_type": "radial",
                "background_overlay_opacity": {
                    "unit": "px",
                    "size": "0.32",
                    "sizes": []
                },
                "padding_tablet": {
                    "unit": "px",
                    "top": "0",
                    "right": "10",
                    "bottom": "100",
                    "left": "10",
                    "isLinked": ""
                },
                "padding_mobile": {
                    "unit": "px",
                    "top": "0",
                    "right": "10",
                    "bottom": "60",
                    "left": "10",
                    "isLinked": ""
                },
                "structure": "20"
            },
            "elements": [
                {
                    "id": "3c9a9c60",
                    "settings": {
                        "_column_size": "50",
                        "padding_mobile": {
                            "unit": "px",
                            "top": "10",
                            "right": "10",
                            "bottom": "10",
                            "left": "10",
                            "isLinked": ""
                        },
                        "_inline_size": "37.333",
                        "_inline_size_tablet": "100",
                        "align_tablet": "center",
                        "jkit_sticky_section": "enabled",
                        "jkit_sticky_device": [
                            "desktop"
                        ]
                    },
                    "elements": [
                        {
                            "id": "a5c7fab",
                            "settings": {
                                "title": "SaaS features questions",
                                "align": "left",
                                "align_tablet": "center",
                                "__globals__": {
                                    "typography_typography": "globals\/typography?id=secondary"
                                }
                            },
                            "elements": [],
                            "isInner": false,
                            "widgetType": "heading",
                            "elType": "widget"
                        },
                        {
                            "id": "119e0085",
                            "settings": {
                                "editor": "These questions often cover a broad range of topics, and can include anything from basic inquiries about a product or service.",
                                "align_tablet": "center",
                                "_element_width": "initial",
                                "_element_width_tablet": "initial",
                                "_element_custom_width": {
                                    "unit": "px",
                                    "size": "370",
                                    "sizes": []
                                },
                                "_element_custom_width_tablet": {
                                    "unit": "px",
                                    "size": "464",
                                    "sizes": []
                                }
                            },
                            "elements": [],
                            "isInner": false,
                            "widgetType": "text-editor",
                            "elType": "widget"
                        }
                    ],
                    "isInner": "",
                    "elType": "column"
                },
                {
                    "id": "1fa00a8d",
                    "settings": {
                        "_column_size": "50",
                        "padding_mobile": {
                            "unit": "px",
                            "top": "10",
                            "right": "10",
                            "bottom": "10",
                            "left": "10",
                            "isLinked": ""
                        },
                        "_inline_size": "62.667",
                        "_inline_size_tablet": "100",
                        "margin": {
                            "unit": "px",
                            "top": "0",
                            "right": "0",
                            "bottom": "0",
                            "left": "80",
                            "isLinked": ""
                        },
                        "margin_tablet": {
                            "unit": "px",
                            "top": "40",
                            "right": "0",
                            "bottom": "0",
                            "left": "0",
                            "isLinked": ""
                        },
                        "margin_mobile": {
                            "unit": "px",
                            "top": "20",
                            "right": "0",
                            "bottom": "0",
                            "left": "0",
                            "isLinked": ""
                        }
                    },
                    "elements": [
                        {
                            "id": "546f3757",
                            "settings": {
                                "sg_accordion_list": [
                                    {
                                        "sg_accordion_list_title": "How secure is my data with a SaaS company?",
                                        "sg_accordion_list_content": "consectetur adipiscing elit, sed do eiusmod tempor incididunt ut labore et dolore magna aliqua. Ut enim ad minim veniam, quis nostrud exercitation ullamco laboris nisi ut aliquip ex ea commodo consequat. Duis aute irure dolor in reprehenderit in voluptate velit.",
                                        "_id": "8cc68db",
                                        "sg_accordion_list_open": "yes"
                                    },
                                    {
                                        "sg_accordion_list_title": "Can I try out a SaaS solution before purchasing?",
                                        "sg_accordion_list_content": "consectetur adipiscing elit, sed do eiusmod tempor incididunt ut labore et dolore magna aliqua. Ut enim ad minim veniam, quis nostrud exercitation ullamco laboris nisi ut aliquip ex ea commodo consequat. Duis aute irure dolor in reprehenderit in voluptate velit esse cillum dolore eu fugiat nulla pariatur.",
                                        "_id": "5df22aa"
                                    },
                                    {
                                        "sg_accordion_list_title": "What are the benefits of using a SaaS solution?",
                                        "sg_accordion_list_content": "consectetur adipiscing elit, sed do eiusmod tempor incididunt ut labore et dolore magna aliqua. Ut enim ad minim veniam, quis nostrud exercitation ullamco laboris nisi ut aliquip ex ea commodo consequat. Duis aute irure dolor in reprehenderit in voluptate velit esse cillum dolore eu fugiat nulla pariatur.",
                                        "_id": "0b253be"
                                    },
                                    {
                                        "sg_accordion_list_title": "How do I access SaaS software?",
                                        "sg_accordion_list_content": "consectetur adipiscing elit, sed do eiusmod tempor incididunt ut labore et dolore magna aliqua. Ut enim ad minim veniam, quis nostrud exercitation ullamco laboris nisi ut aliquip ex ea commodo consequat. Duis aute irure dolor in reprehenderit in voluptate velit esse cillum dolore eu fugiat nulla pariatur.",
                                        "_id": "06a8d28"
                                    }
                                ],
                                "st_wrapper_margin_responsive": {
                                    "unit": "px",
                                    "top": "0",
                                    "right": "0",
                                    "bottom": "-5",
                                    "left": "0",
                                    "isLinked": ""
                                },
                                "st_wrapper_padding_responsive": {
                                    "unit": "px",
                                    "top": "40",
                                    "right": "0",
                                    "bottom": "40",
                                    "left": "30",
                                    "isLinked": ""
                                },
                                "st_wrapper_open_background_background_background": "classic",
                                "st_wrapper_open_border_border_border": "solid",
                                "st_wrapper_open_border_border_width": {
                                    "unit": "px",
                                    "top": "1",
                                    "right": "1",
                                    "bottom": "1",
                                    "left": "1",
                                    "isLinked": "1"
                                },
                                "st_wrapper_open_border_radius_responsive": {
                                    "unit": "px",
                                    "top": "5",
                                    "right": "5",
                                    "bottom": "5",
                                    "left": "5",
                                    "isLinked": "1"
                                },
                                "st_wrapper_open_boxshadow_box_shadow_box_shadow_type": "yes",
                                "st_wrapper_open_boxshadow_box_shadow_box_shadow": {
                                    "horizontal": "0",
                                    "vertical": "5",
                                    "blur": "30",
                                    "spread": "0",
                                    "color": "rgba(11.99999999999998, 41.99999999999998, 81.99999999999991, 0.16)"
                                },
                                "st_wrapper_close_border_border_border": "solid",
                                "st_wrapper_close_border_border_width": {
                                    "unit": "px",
                                    "top": "0",
                                    "right": "0",
                                    "bottom": "1",
                                    "left": "0",
                                    "isLinked": ""
                                },
                                "st_title_open_color_responsive": "#0C2A52",
                                "st_title_open_background_background_background": "classic",
                                "st_title_open_background_background_color": "#02010100",
                                "st_title_open_margin_responsive": {
                                    "unit": "px",
                                    "top": "0",
                                    "right": "0",
                                    "bottom": "5",
                                    "left": "0",
                                    "isLinked": ""
                                },
                                "st_title_close_color_responsive": "#0C2A52",
                                "st_title_close_background_background_background": "classic",
                                "st_title_close_background_background_color": "#02010100",
                                "st_description_padding_responsive": {
                                    "unit": "px",
                                    "top": "10",
                                    "right": "100",
                                    "bottom": "0",
                                    "left": "30",
                                    "isLinked": ""
                                },
                                "st_description_open_margin_responsive": {
                                    "unit": "px",
                                    "top": "-1",
                                    "right": "0",
                                    "bottom": "0",
                                    "left": "0",
                                    "isLinked": ""
                                },
                                "st_description_close_margin_responsive": {
                                    "unit": "px",
                                    "top": "0",
                                    "right": "0",
                                    "bottom": "0",
                                    "left": "-1",
                                    "isLinked": ""
                                },
                                "st_border_border_border_width": {
                                    "unit": "px",
                                    "top": "0",
                                    "right": "0",
                                    "bottom": "0",
                                    "left": "0",
                                    "isLinked": ""
                                },
                                "st_border_border_radius_responsive": {
                                    "unit": "px",
                                    "top": "0",
                                    "right": "0",
                                    "bottom": "0",
                                    "left": "0",
                                    "isLinked": ""
                                },
                                "_margin": {
                                    "unit": "px",
                                    "top": "0",
                                    "right": "0",
                                    "bottom": "0",
                                    "left": "0",
                                    "isLinked": ""
                                },
                                "__globals__": {
                                    "st_title_close_color_responsive": "globals\/colors?id=primary",
                                    "st_title_open_color_responsive": "globals\/colors?id=primary",
                                    "st_description_color_responsive": "globals\/colors?id=text",
                                    "st_wrapper_open_border_border_color": "",
                                    "st_icon_open_color_responsive": "globals\/colors?id=accent",
                                    "st_icon_close_color_responsive": "globals\/colors?id=primary",
                                    "st_title_typography_content_typography_typography": "globals\/typography?id=db206f4",
                                    "st_description_typography_content_typography_typography": "globals\/typography?id=text",
                                    "st_wrapper_open_background_background_color": "globals\/colors?id=1a3ed4d",
                                    "st_wrapper_close_border_border_color": "globals\/colors?id=1104bac"
                                },
                                "sg_icon_right": {
                                    "value": "jki jki-chevron-down-light",
                                    "library": "jkiticon"
                                },
                                "sg_icon_right_active": {
                                    "value": "jki jki-times-solid",
                                    "library": "jkiticon"
                                },
                                "st_title_close_margin_responsive": {
                                    "unit": "px",
                                    "top": "10",
                                    "right": "3",
                                    "bottom": "0",
                                    "left": "0",
                                    "isLinked": ""
                                },
                                "st_title_padding_responsive": {
                                    "unit": "px",
                                    "top": "0",
                                    "right": "0",
                                    "bottom": "0",
                                    "left": "30",
                                    "isLinked": ""
                                },
                                "st_icon_open_size_responsive": {
                                    "unit": "px",
                                    "size": "24",
                                    "sizes": []
                                },
                                "st_icon_close_size_responsive": {
                                    "unit": "px",
                                    "size": "20",
                                    "sizes": []
                                },
                                "st_wrapper_open_border_border_color": "#E9EAEC00",
                                "st_icon_open_color_responsive": "#847AFF",
                                "st_icon_close_color_responsive": "#0C2A52",
                                "st_description_color_responsive": "#0C2A52A6",
                                "st_wrapper_padding_responsive_mobile": {
                                    "unit": "px",
                                    "top": "30",
                                    "right": "0",
                                    "bottom": "30",
                                    "left": "0",
                                    "isLinked": ""
                                },
                                "st_title_open_margin_responsive_mobile": {
                                    "unit": "px",
                                    "top": "0",
                                    "right": "0",
                                    "bottom": "5",
                                    "left": "0",
                                    "isLinked": ""
                                },
                                "st_title_close_margin_responsive_mobile": {
                                    "unit": "px",
                                    "top": "10",
                                    "right": "5",
                                    "bottom": "0",
                                    "left": "0",
                                    "isLinked": ""
                                },
                                "st_title_padding_responsive_mobile": {
                                    "unit": "px",
                                    "top": "0",
                                    "right": "30",
                                    "bottom": "0",
                                    "left": "30",
                                    "isLinked": ""
                                },
                                "st_description_padding_responsive_mobile": {
                                    "unit": "px",
                                    "top": "20",
                                    "right": "30",
                                    "bottom": "0",
                                    "left": "30",
                                    "isLinked": ""
                                },
                                "st_icon_margin_responsive_mobile": {
                                    "unit": "px",
                                    "top": "0",
                                    "right": "20",
                                    "bottom": "0",
                                    "left": "0",
                                    "isLinked": ""
                                },
                                "st_icon_open_size_responsive_mobile": {
                                    "unit": "px",
                                    "size": "20",
                                    "sizes": []
                                },
                                "st_icon_close_size_responsive_mobile": {
                                    "unit": "px",
                                    "size": "18",
                                    "sizes": []
                                },
                                "_margin_mobile": {
                                    "unit": "px",
                                    "top": "0",
                                    "right": "0",
                                    "bottom": "0",
                                    "left": "0",
                                    "isLinked": ""
                                }
                            },
                            "elements": [],
                            "isInner": false,
                            "widgetType": "jkit_accordion",
                            "elType": "widget"
                        }
                    ],
                    "isInner": "",
                    "elType": "column"
                }
            ],
            "isInner": "",
            "elType": "section"
        }
    ]
}