{
    "version": "0.4",
    "title": "Global Kit Styles",
    "type": "section",
    "metadata": {
        "template_type": "global-styles",
        "include_in_zip": "1",
        "elementor_pro_required": null,
        "additional_template_information": [
            "These are the global theme styles configured through the Elementor Theme Styles area."
        ],
        "wp_page_template": "default"
    },
    "content": [],
    "page_settings": {
        "system_colors": [
            {
                "_id": "primary",
                "title": "Primary",
                "color": "#0C2A52"
            },
            {
                "_id": "secondary",
                "title": "Secondary",
                "color": "#EBF6FF"
            },
            {
                "_id": "text",
                "title": "Text",
                "color": "#0C2A52A6"
            },
            {
                "_id": "accent",
                "title": "Accent",
                "color": "#847AFF"
            }
        ],
        "custom_colors": [
            {
                "_id": "1a3ed4d",
                "title": "White",
                "color": "#FFFFFF"
            },
            {
                "_id": "1104bac",
                "title": "Border",
                "color": "#E9EAEC"
            },
            {
                "_id": "5d839ed",
                "title": "Text 2",
                "color": "#FFFFFF8A"
            },
            {
                "_id": "d9db88e",
                "title": "Star Rating",
                "color": "#FEC400"
            },
            {
                "_id": "2fa3213",
                "title": "BG Testimonial",
                "color": "#0B1F39"
            },
            {
                "_id": "7f37adf",
                "title": "BG Darken",
                "color": "#04162F"
            },
            {
                "_id": "22b34c4",
                "title": "Text Soft",
                "color": "#CACACB"
            },
            {
                "_id": "591a5e1",
                "title": "Blue",
                "color": "#337DE0"
            },
            {
                "_id": "3cb5f70",
                "title": "Placeholder",
                "color": "#0C2A5247"
            },
            {
                "_id": "5d457a5",
                "title": "Badge",
                "color": "#D9FEFF"
            }
        ],
        "system_typography": [
            {
                "_id": "primary",
                "title": "Primary",
                "typography_typography": "custom",
                "typography_font_family": "DM Sans",
                "typography_font_weight": "500",
                "typography_font_size": {
                    "unit": "px",
                    "size": "72",
                    "sizes": []
                },
                "typography_text_transform": "none",
                "typography_font_style": "normal",
                "typography_text_decoration": "none",
                "typography_line_height": {
                    "unit": "em",
                    "size": "1.1",
                    "sizes": []
                },
                "typography_letter_spacing": {
                    "unit": "em",
                    "size": "-0.03",
                    "sizes": []
                },
                "typography_font_size_mobile": {
                    "unit": "px",
                    "size": "40",
                    "sizes": []
                },
                "typography_line_height_tablet": {
                    "unit": "em",
                    "size": "1",
                    "sizes": []
                },
                "typography_line_height_mobile": {
                    "unit": "em",
                    "size": "1.1",
                    "sizes": []
                }
            },
            {
                "_id": "secondary",
                "title": "Secondary",
                "typography_typography": "custom",
                "typography_font_family": "DM Sans",
                "typography_font_weight": "500",
                "typography_font_size": {
                    "unit": "px",
                    "size": "56",
                    "sizes": []
                },
                "typography_text_transform": "none",
                "typography_font_style": "normal",
                "typography_text_decoration": "none",
                "typography_line_height": {
                    "unit": "em",
                    "size": "1.1",
                    "sizes": []
                },
                "typography_letter_spacing": {
                    "unit": "em",
                    "size": "-0.03",
                    "sizes": []
                },
                "typography_font_size_tablet": {
                    "unit": "px",
                    "size": "48",
                    "sizes": []
                },
                "typography_font_size_mobile": {
                    "unit": "px",
                    "size": "32",
                    "sizes": []
                },
                "typography_line_height_mobile": {
                    "unit": "em",
                    "size": "1.1",
                    "sizes": []
                }
            },
            {
                "_id": "text",
                "title": "Text",
                "typography_typography": "custom",
                "typography_font_family": "Heebo",
                "typography_font_weight": "400",
                "typography_font_size": {
                    "unit": "px",
                    "size": "16",
                    "sizes": []
                },
                "typography_text_transform": "none",
                "typography_font_style": "normal",
                "typography_text_decoration": "none",
                "typography_line_height": {
                    "unit": "em",
                    "size": "1.6",
                    "sizes": []
                },
                "typography_letter_spacing": {
                    "unit": "px",
                    "size": "0",
                    "sizes": []
                },
                "typography_font_size_mobile": {
                    "unit": "px",
                    "size": "14",
                    "sizes": []
                }
            },
            {
                "_id": "accent",
                "title": "Accent",
                "typography_typography": "custom",
                "typography_font_family": "DM Sans",
                "typography_font_weight": "500",
                "typography_font_size": {
                    "unit": "px",
                    "size": "18",
                    "sizes": []
                },
                "typography_text_transform": "none",
                "typography_font_style": "normal",
                "typography_text_decoration": "none",
                "typography_line_height": {
                    "unit": "em",
                    "size": "1.2",
                    "sizes": []
                },
                "typography_letter_spacing": {
                    "unit": "em",
                    "size": "-0.03",
                    "sizes": []
                }
            }
        ],
        "custom_typography": [
            {
                "_id": "10ff848",
                "title": "H3",
                "typography_typography": "custom",
                "typography_font_family": "DM Sans",
                "typography_font_size": {
                    "unit": "px",
                    "size": "32",
                    "sizes": []
                },
                "typography_font_weight": "500",
                "typography_text_transform": "none",
                "typography_font_style": "normal",
                "typography_text_decoration": "none",
                "typography_line_height": {
                    "unit": "em",
                    "size": "1.2",
                    "sizes": []
                },
                "typography_letter_spacing": {
                    "unit": "em",
                    "size": "-0.03",
                    "sizes": []
                },
                "typography_font_size_tablet": {
                    "unit": "px",
                    "size": "28",
                    "sizes": []
                },
                "typography_font_size_mobile": {
                    "unit": "px",
                    "size": "24",
                    "sizes": []
                }
            },
            {
                "_id": "34c769d",
                "title": "H4 ",
                "typography_typography": "custom",
                "typography_font_family": "DM Sans",
                "typography_font_size": {
                    "unit": "px",
                    "size": "20",
                    "sizes": []
                },
                "typography_font_weight": "500",
                "typography_text_transform": "none",
                "typography_font_style": "normal",
                "typography_text_decoration": "none",
                "typography_line_height": {
                    "unit": "em",
                    "size": "1.2",
                    "sizes": []
                },
                "typography_letter_spacing": {
                    "unit": "em",
                    "size": "-0.03",
                    "sizes": []
                },
                "typography_font_size_mobile": {
                    "unit": "px",
                    "size": "18",
                    "sizes": []
                }
            },
            {
                "_id": "87de8e9",
                "title": "H5 ",
                "typography_typography": "custom",
                "typography_font_family": "DM Sans",
                "typography_font_size": {
                    "unit": "px",
                    "size": "18",
                    "sizes": []
                },
                "typography_font_weight": "500",
                "typography_text_transform": "none",
                "typography_font_style": "normal",
                "typography_text_decoration": "none",
                "typography_line_height": {
                    "unit": "em",
                    "size": "1.2",
                    "sizes": []
                },
                "typography_letter_spacing": {
                    "unit": "em",
                    "size": "-0.03",
                    "sizes": []
                }
            },
            {
                "_id": "d2c3a86",
                "title": "H6",
                "typography_typography": "custom",
                "typography_font_family": "DM Sans",
                "typography_font_size": {
                    "unit": "px",
                    "size": "16",
                    "sizes": []
                },
                "typography_font_weight": "500",
                "typography_text_transform": "none",
                "typography_font_style": "normal",
                "typography_text_decoration": "none",
                "typography_line_height": {
                    "unit": "em",
                    "size": "1.2",
                    "sizes": []
                },
                "typography_letter_spacing": {
                    "unit": "em",
                    "size": "-0.03",
                    "sizes": []
                }
            },
            {
                "_id": "1da9dae",
                "title": "Button\/Nav",
                "typography_typography": "custom",
                "typography_font_family": "DM Sans",
                "typography_font_size": {
                    "unit": "px",
                    "size": "16",
                    "sizes": []
                },
                "typography_font_weight": "500",
                "typography_text_transform": "none",
                "typography_font_style": "normal",
                "typography_text_decoration": "none",
                "typography_line_height": {
                    "unit": "em",
                    "size": "1",
                    "sizes": []
                },
                "typography_letter_spacing": {
                    "unit": "em",
                    "size": "-0.03",
                    "sizes": []
                },
                "typography_font_size_mobile": {
                    "unit": "px",
                    "size": "14",
                    "sizes": []
                }
            },
            {
                "_id": "ca813c1",
                "title": "Button 2",
                "typography_typography": "custom",
                "typography_font_family": "DM Sans",
                "typography_font_size": {
                    "unit": "px",
                    "size": "18",
                    "sizes": []
                },
                "typography_font_weight": "500",
                "typography_text_transform": "none",
                "typography_font_style": "normal",
                "typography_text_decoration": "none",
                "typography_line_height": {
                    "unit": "em",
                    "size": "1",
                    "sizes": []
                },
                "typography_letter_spacing": {
                    "unit": "em",
                    "size": "",
                    "sizes": []
                },
                "typography_font_size_mobile": {
                    "unit": "px",
                    "size": "16",
                    "sizes": []
                }
            },
            {
                "typography_typography": "custom",
                "typography_font_family": "Heebo",
                "typography_font_size": {
                    "unit": "px",
                    "size": "18",
                    "sizes": []
                },
                "typography_font_weight": "400",
                "typography_text_transform": "none",
                "typography_font_style": "normal",
                "typography_text_decoration": "none",
                "typography_line_height": {
                    "unit": "em",
                    "size": "1.6",
                    "sizes": []
                },
                "typography_letter_spacing": {
                    "unit": "em",
                    "size": "",
                    "sizes": []
                },
                "typography_letter_spacing_tablet": {
                    "unit": "em",
                    "size": "",
                    "sizes": []
                },
                "typography_letter_spacing_mobile": {
                    "unit": "em",
                    "size": "",
                    "sizes": []
                },
                "_id": "c1ef31e",
                "title": "Text Hero",
                "typography_font_size_mobile": {
                    "unit": "px",
                    "size": "16",
                    "sizes": []
                }
            },
            {
                "typography_typography": "custom",
                "typography_font_family": "DM Sans",
                "typography_font_size": {
                    "unit": "px",
                    "size": "24",
                    "sizes": []
                },
                "typography_font_weight": "500",
                "typography_text_transform": "none",
                "typography_font_style": "normal",
                "typography_text_decoration": "none",
                "typography_line_height": {
                    "unit": "em",
                    "size": "1.2",
                    "sizes": []
                },
                "typography_letter_spacing": {
                    "unit": "em",
                    "size": "-0.03",
                    "sizes": []
                },
                "typography_word_spacing": {
                    "unit": "em",
                    "size": "",
                    "sizes": []
                },
                "_id": "db206f4",
                "title": "H3 Alt",
                "typography_font_size_mobile": {
                    "unit": "px",
                    "size": "20",
                    "sizes": []
                }
            },
            {
                "typography_typography": "custom",
                "typography_font_family": "Heebo",
                "typography_font_size": {
                    "unit": "px",
                    "size": "14",
                    "sizes": []
                },
                "typography_font_weight": "400",
                "typography_text_transform": "none",
                "typography_font_style": "normal",
                "typography_text_decoration": "none",
                "typography_line_height": {
                    "unit": "em",
                    "size": "1.6",
                    "sizes": []
                },
                "_id": "6407311",
                "title": "Text Small"
            },
            {
                "typography_typography": "custom",
                "typography_font_family": "DM Sans",
                "typography_font_size": {
                    "unit": "px",
                    "size": "36",
                    "sizes": []
                },
                "typography_font_weight": "500",
                "typography_text_transform": "none",
                "typography_font_style": "normal",
                "typography_text_decoration": "none",
                "typography_line_height": {
                    "unit": "em",
                    "size": "1.3",
                    "sizes": []
                },
                "typography_letter_spacing": {
                    "unit": "em",
                    "size": "-0.03",
                    "sizes": []
                },
                "typography_letter_spacing_tablet": {
                    "unit": "em",
                    "size": "",
                    "sizes": []
                },
                "typography_letter_spacing_mobile": {
                    "unit": "em",
                    "size": "",
                    "sizes": []
                },
                "_id": "35a8ea8",
                "title": "H2 Small",
                "typography_font_size_mobile": {
                    "unit": "px",
                    "size": "28",
                    "sizes": []
                },
                "typography_line_height_mobile": {
                    "unit": "em",
                    "size": "1.2",
                    "sizes": []
                }
            },
            {
                "typography_typography": "custom",
                "typography_font_family": "DM Sans",
                "typography_font_size": {
                    "unit": "px",
                    "size": "56",
                    "sizes": []
                },
                "typography_font_weight": "500",
                "typography_text_transform": "none",
                "typography_font_style": "normal",
                "typography_text_decoration": "none",
                "typography_line_height": {
                    "unit": "em",
                    "size": "1.3",
                    "sizes": []
                },
                "typography_letter_spacing": {
                    "unit": "em",
                    "size": "-0.03",
                    "sizes": []
                },
                "typography_letter_spacing_tablet": {
                    "unit": "em",
                    "size": "",
                    "sizes": []
                },
                "typography_letter_spacing_mobile": {
                    "unit": "em",
                    "size": "",
                    "sizes": []
                },
                "_id": "ea60497",
                "title": "Pricing Number"
            },
            {
                "typography_typography": "custom",
                "typography_font_family": "DM Sans",
                "typography_font_size": {
                    "unit": "px",
                    "size": "12",
                    "sizes": []
                },
                "typography_font_weight": "600",
                "typography_text_transform": "uppercase",
                "typography_font_style": "normal",
                "typography_text_decoration": "none",
                "typography_letter_spacing": {
                    "unit": "px",
                    "size": "1",
                    "sizes": []
                },
                "typography_letter_spacing_tablet": {
                    "unit": "em",
                    "size": "",
                    "sizes": []
                },
                "typography_letter_spacing_mobile": {
                    "unit": "em",
                    "size": "",
                    "sizes": []
                },
                "_id": "9e7e276",
                "title": "Badge"
            },
            {
                "typography_typography": "custom",
                "typography_font_family": "DM Sans",
                "typography_font_size": {
                    "unit": "px",
                    "size": "64",
                    "sizes": []
                },
                "typography_font_weight": "500",
                "typography_text_transform": "none",
                "typography_font_style": "normal",
                "typography_text_decoration": "none",
                "typography_line_height": {
                    "unit": "em",
                    "size": "1.1",
                    "sizes": []
                },
                "typography_letter_spacing": {
                    "unit": "em",
                    "size": "-0.03",
                    "sizes": []
                },
                "_id": "f343721",
                "title": "H1 Heading Title",
                "typography_font_size_mobile": {
                    "unit": "px",
                    "size": "36",
                    "sizes": []
                }
            },
            {
                "typography_typography": "custom",
                "typography_font_family": "DM Sans",
                "typography_font_size": {
                    "unit": "px",
                    "size": "64",
                    "sizes": []
                },
                "typography_font_size_mobile": {
                    "unit": "px",
                    "size": "48",
                    "sizes": []
                },
                "typography_font_weight": "600",
                "typography_text_transform": "none",
                "typography_font_style": "normal",
                "typography_text_decoration": "none",
                "typography_line_height": {
                    "unit": "em",
                    "size": "1.1",
                    "sizes": []
                },
                "typography_line_height_mobile": {
                    "unit": "em",
                    "size": "1.1",
                    "sizes": []
                },
                "typography_letter_spacing": {
                    "unit": "em",
                    "size": "-0.03",
                    "sizes": []
                },
                "_id": "8d89f5d",
                "title": "Number Fact"
            },
            {
                "typography_typography": "custom",
                "typography_font_family": "DM Sans",
                "typography_font_size": {
                    "unit": "px",
                    "size": "20",
                    "sizes": []
                },
                "typography_font_size_mobile": {
                    "unit": "px",
                    "size": "18",
                    "sizes": []
                },
                "typography_font_weight": "400",
                "typography_text_transform": "none",
                "typography_font_style": "normal",
                "typography_text_decoration": "none",
                "typography_line_height": {
                    "unit": "em",
                    "size": "1.5",
                    "sizes": []
                },
                "typography_letter_spacing": {
                    "unit": "em",
                    "size": "-0.03",
                    "sizes": []
                },
                "typography_word_spacing": {
                    "unit": "em",
                    "size": "",
                    "sizes": []
                },
                "_id": "8908b11",
                "title": "Quote"
            },
            {
                "typography_typography": "custom",
                "typography_font_family": "DM Sans",
                "typography_font_size": {
                    "unit": "px",
                    "size": "24",
                    "sizes": []
                },
                "typography_font_size_mobile": {
                    "unit": "px",
                    "size": "18",
                    "sizes": []
                },
                "typography_font_weight": "400",
                "typography_text_transform": "none",
                "typography_font_style": "normal",
                "typography_text_decoration": "none",
                "typography_line_height": {
                    "unit": "em",
                    "size": "1.5",
                    "sizes": []
                },
                "typography_letter_spacing": {
                    "unit": "em",
                    "size": "-0.03",
                    "sizes": []
                },
                "typography_word_spacing": {
                    "unit": "em",
                    "size": "",
                    "sizes": []
                },
                "_id": "14abdef",
                "title": "Quote Big"
            },
            {
                "typography_typography": "custom",
                "typography_font_family": "DM Sans",
                "typography_font_size": {
                    "unit": "px",
                    "size": "14",
                    "sizes": []
                },
                "typography_font_weight": "600",
                "typography_text_transform": "uppercase",
                "typography_font_style": "normal",
                "typography_text_decoration": "none",
                "typography_line_height": {
                    "unit": "em",
                    "size": "1",
                    "sizes": []
                },
                "typography_line_height_tablet": {
                    "unit": "px",
                    "size": "",
                    "sizes": []
                },
                "typography_line_height_mobile": {
                    "unit": "px",
                    "size": "",
                    "sizes": []
                },
                "typography_letter_spacing": {
                    "unit": "px",
                    "size": "1",
                    "sizes": []
                },
                "typography_letter_spacing_tablet": {
                    "unit": "em",
                    "size": "",
                    "sizes": []
                },
                "typography_letter_spacing_mobile": {
                    "unit": "em",
                    "size": "",
                    "sizes": []
                },
                "typography_word_spacing": {
                    "unit": "em",
                    "size": "",
                    "sizes": []
                },
                "_id": "4109e74",
                "title": "Category Big",
                "typography_font_size_mobile": {
                    "unit": "px",
                    "size": "12",
                    "sizes": []
                }
            },
            {
                "typography_typography": "custom",
                "typography_font_family": "DM Sans",
                "typography_font_size": {
                    "unit": "px",
                    "size": "28",
                    "sizes": []
                },
                "typography_font_size_mobile": {
                    "unit": "px",
                    "size": "18",
                    "sizes": []
                },
                "typography_font_weight": "400",
                "typography_text_transform": "none",
                "typography_font_style": "normal",
                "typography_text_decoration": "none",
                "typography_line_height": {
                    "unit": "em",
                    "size": "1.3",
                    "sizes": []
                },
                "typography_letter_spacing": {
                    "unit": "em",
                    "size": "-0.03",
                    "sizes": []
                },
                "typography_word_spacing": {
                    "unit": "em",
                    "size": "",
                    "sizes": []
                },
                "_id": "e2b461b",
                "title": "Desc Testimonial"
            }
        ],
        "default_generic_fonts": "Sans-serif",
        "page_title_selector": "h1.entry-title",
        "hello_footer_copyright_text": "All rights reserved",
        "activeItemIndex": "1",
        "viewport_md": "768",
        "viewport_lg": "1025",
        "__globals__": {
            "body_color": "globals\/colors?id=text",
            "body_typography_typography": "globals\/typography?id=text",
            "h1_color": "globals\/colors?id=primary",
            "h1_typography_typography": "globals\/typography?id=primary",
            "h2_color": "globals\/colors?id=primary",
            "h2_typography_typography": "globals\/typography?id=secondary",
            "h3_color": "globals\/colors?id=primary",
            "h3_typography_typography": "globals\/typography?id=10ff848",
            "h4_color": "globals\/colors?id=primary",
            "h4_typography_typography": "globals\/typography?id=34c769d",
            "h5_color": "globals\/colors?id=primary",
            "h5_typography_typography": "globals\/typography?id=87de8e9",
            "h6_color": "globals\/colors?id=primary",
            "h6_typography_typography": "globals\/typography?id=d2c3a86",
            "button_typography_typography": "globals\/typography?id=ca813c1",
            "button_background_color": "globals\/colors?id=accent",
            "button_text_color": "globals\/colors?id=1a3ed4d",
            "button_hover_background_color": "globals\/colors?id=primary",
            "button_hover_text_color": "globals\/colors?id=1a3ed4d",
            "button_background_color_b": "globals\/colors?id=591a5e1",
            "button_hover_background_color_b": "globals\/colors?id=primary",
            "form_label_color": "globals\/colors?id=primary",
            "form_field_typography_typography": "globals\/typography?id=text",
            "form_field_border_color": "globals\/colors?id=1104bac",
            "form_field_text_color": "globals\/colors?id=text",
            "link_normal_color": ""
        },
        "link_normal_typography_typography": "custom",
        "link_normal_typography_text_transform": "none",
        "link_normal_typography_font_style": "normal",
        "link_normal_typography_text_decoration": "none",
        "button_border_border": "none",
        "button_border_radius": {
            "unit": "px",
            "top": "50",
            "right": "50",
            "bottom": "50",
            "left": "50",
            "isLinked": "1"
        },
        "button_padding_tablet": {
            "unit": "px",
            "top": "16",
            "right": "32",
            "bottom": "16",
            "left": "32",
            "isLinked": ""
        },
        "button_padding": {
            "unit": "px",
            "top": "19",
            "right": "38",
            "bottom": "19",
            "left": "38",
            "isLinked": ""
        },
        "button_background_background": "gradient",
        "button_background_gradient_angle": {
            "unit": "deg",
            "size": "80",
            "sizes": []
        },
        "button_hover_background_background": "gradient",
        "form_label_typography_typography": "custom",
        "form_label_typography_font_family": "DM Sans",
        "form_label_typography_font_size": {
            "unit": "px",
            "size": "18",
            "sizes": []
        },
        "form_label_typography_font_weight": "400",
        "form_label_typography_text_transform": "none",
        "form_label_typography_font_style": "normal",
        "form_label_typography_text_decoration": "none",
        "form_label_typography_line_height": {
            "unit": "em",
            "size": "2.5",
            "sizes": []
        },
        "form_label_typography_letter_spacing": {
            "unit": "em",
            "size": "-0.03",
            "sizes": []
        },
        "form_field_border_border": "solid",
        "form_field_border_width": {
            "unit": "px",
            "top": "1",
            "right": "1",
            "bottom": "1",
            "left": "1",
            "isLinked": "1"
        },
        "form_field_border_radius": {
            "unit": "px",
            "top": "5",
            "right": "5",
            "bottom": "5",
            "left": "5",
            "isLinked": "1"
        },
        "body_color": "#0C2A52A6",
        "link_normal_color": "#847AFF",
        "h1_color": "#0C2A52",
        "h2_color": "#0C2A52",
        "h3_color": "#0C2A52",
        "h4_color": "#0C2A52",
        "h5_color": "#0C2A52",
        "h6_color": "#0C2A52",
        "button_text_color": "#FFFFFF",
        "button_background_color": "#847AFF",
        "button_background_color_b": "#337DE0",
        "button_hover_text_color": "#FFFFFF",
        "button_hover_background_color": "#0C2A52",
        "button_hover_background_color_b": "#0C2A52",
        "form_label_color": "#0C2A52",
        "form_field_typography_typography": "custom",
        "form_field_typography_font_family": "Heebo",
        "form_field_typography_font_size": {
            "unit": "px",
            "size": "16",
            "sizes": []
        },
        "form_field_typography_font_weight": "400",
        "form_field_typography_text_transform": "none",
        "form_field_typography_font_style": "normal",
        "form_field_typography_text_decoration": "none",
        "form_field_typography_line_height": {
            "unit": "em",
            "size": "1.6",
            "sizes": []
        },
        "form_field_typography_letter_spacing": {
            "unit": "px",
            "size": "0",
            "sizes": []
        },
        "form_field_text_color": "#0C2A52A6",
        "form_field_border_color": "#E9EAEC",
        "form_field_typography_font_size_mobile": {
            "unit": "px",
            "size": "14",
            "sizes": []
        }
    }
}