{
    "version": "0.4",
    "title": "MetForm Contact",
    "type": "page",
    "metadata": {
        "template_type": "single-page",
        "include_in_zip": "1",
        "elementor_pro_required": null,
        "wp_page_template": "elementor_canvas"
    },
    "content": [
        {
            "id": "12a8e345",
            "settings": {
                "background_background": "classic"
            },
            "elements": [
                {
                    "id": "316b8c0d",
                    "settings": {
                        "_column_size": "100"
                    },
                    "elements": [
                        {
                            "id": "3ba6df14",
                            "settings": {
                                "mf_input_label": "Your Name",
                                "mf_input_name": "mf-text",
                                "mf_input_placeholder": "Input your name",
                                "mf_input_validation_warning_message": "This field is required.",
                                "mf_input_padding": {
                                    "unit": "px",
                                    "top": "10",
                                    "right": "16",
                                    "bottom": "10",
                                    "left": "0",
                                    "isLinked": ""
                                },
                                "mf_input_color": "#0C2A52",
                                "mf_input_background_background": "classic",
                                "mf_input_background_color": "#BC555500",
                                "mf_input_border_border": "solid",
                                "mf_input_border_width": {
                                    "unit": "px",
                                    "top": "0",
                                    "right": "0",
                                    "bottom": "1",
                                    "left": "0",
                                    "isLinked": ""
                                },
                                "mf_input_border_color": "#E2E2E2",
                                "mf_input_border_focus_border": "solid",
                                "mf_input_border_focus_width": {
                                    "unit": "px",
                                    "top": "0",
                                    "right": "0",
                                    "bottom": "1",
                                    "left": "0",
                                    "isLinked": ""
                                },
                                "mf_input_typgraphy_typography": "custom",
                                "mf_input_typgraphy_font_family": "Heebo",
                                "mf_input_typgraphy_font_size": {
                                    "unit": "px",
                                    "size": "16",
                                    "sizes": []
                                },
                                "mf_input_typgraphy_font_weight": "400",
                                "mf_input_typgraphy_line_height": {
                                    "unit": "px",
                                    "size": "40",
                                    "sizes": []
                                },
                                "mf_input_place_holder_typography_typography": "custom",
                                "mf_input_place_holder_typography_font_family": "Heebo",
                                "mf_input_place_holder_typography_font_size": {
                                    "unit": "px",
                                    "size": "14",
                                    "sizes": []
                                },
                                "mf_input_place_holder_typography_font_weight": "400",
                                "mf_input_place_holder_typography_line_height": {
                                    "unit": "em",
                                    "size": "",
                                    "sizes": []
                                },
                                "__globals__": {
                                    "mf_input_border_focus_color": "globals\/colors?id=accent",
                                    "mf_input_color": "globals\/colors?id=primary",
                                    "mf_input_typgraphy_typography": "",
                                    "mf_input_placeholder_color": "",
                                    "mf_input_label_typography_typography": "globals\/typography?id=87de8e9",
                                    "mf_input_label_color": "globals\/colors?id=primary",
                                    "mf_input_color_hover": "globals\/colors?id=primary"
                                },
                                "mf_input_border_hover_border": "solid",
                                "mf_input_border_hover_width": {
                                    "unit": "px",
                                    "top": "0",
                                    "right": "0",
                                    "bottom": "1",
                                    "left": "0",
                                    "isLinked": ""
                                },
                                "mf_input_place_holder_typography_letter_spacing": {
                                    "unit": "px",
                                    "size": "0",
                                    "sizes": []
                                },
                                "mf_input_label_color": "#0C2A52",
                                "mf_input_label_typography_typography": "custom",
                                "mf_input_label_typography_font_family": "DM Sans",
                                "mf_input_label_typography_font_size": {
                                    "unit": "px",
                                    "size": "18",
                                    "sizes": []
                                },
                                "mf_input_label_typography_font_weight": "500",
                                "mf_input_label_typography_text_transform": "none",
                                "mf_input_label_typography_font_style": "normal",
                                "mf_input_label_typography_text_decoration": "none",
                                "mf_input_label_typography_line_height": {
                                    "unit": "em",
                                    "size": "1.2",
                                    "sizes": []
                                },
                                "mf_input_label_typography_letter_spacing": {
                                    "unit": "em",
                                    "size": "-0.03",
                                    "sizes": []
                                },
                                "mf_input_label_typography_word_spacing": {
                                    "unit": "em",
                                    "size": "",
                                    "sizes": []
                                },
                                "mf_input_color_hover": "#0C2A52",
                                "mf_input_border_focus_color": "#847AFF",
                                "mf_input_placeholder_color": "#0C2A5247"
                            },
                            "elements": [],
                            "isInner": false,
                            "widgetType": "mf-text",
                            "elType": "widget"
                        },
                        {
                            "id": "af740f9",
                            "settings": {
                                "gap": "no",
                                "structure": "20",
                                "margin": {
                                    "unit": "px",
                                    "top": "10",
                                    "right": "0",
                                    "bottom": "30",
                                    "left": "0",
                                    "isLinked": ""
                                },
                                "margin_mobile": {
                                    "unit": "px",
                                    "top": "0",
                                    "right": "0",
                                    "bottom": "20",
                                    "left": "0",
                                    "isLinked": ""
                                }
                            },
                            "elements": [
                                {
                                    "id": "b7dd055",
                                    "settings": {
                                        "_column_size": "50",
                                        "margin": {
                                            "unit": "px",
                                            "top": "0",
                                            "right": "15",
                                            "bottom": "0",
                                            "left": "0",
                                            "isLinked": ""
                                        },
                                        "margin_mobile": {
                                            "unit": "px",
                                            "top": "0",
                                            "right": "0",
                                            "bottom": "0",
                                            "left": "0",
                                            "isLinked": ""
                                        }
                                    },
                                    "elements": [
                                        {
                                            "id": "4cc8367e",
                                            "settings": {
                                                "mf_input_label": "Your Email",
                                                "mf_input_name": "mf-email",
                                                "mf_input_placeholder": "Input your email",
                                                "mf_input_validation_warning_message": "This field is required.",
                                                "mf_input_padding": {
                                                    "unit": "px",
                                                    "top": "10",
                                                    "right": "16",
                                                    "bottom": "10",
                                                    "left": "0",
                                                    "isLinked": ""
                                                },
                                                "mf_input_color": "#0C2A52",
                                                "mf_input_background_background": "classic",
                                                "mf_input_background_color": "#BC555500",
                                                "mf_input_border_border": "solid",
                                                "mf_input_border_width": {
                                                    "unit": "px",
                                                    "top": "0",
                                                    "right": "0",
                                                    "bottom": "1",
                                                    "left": "0",
                                                    "isLinked": ""
                                                },
                                                "mf_input_border_color": "#E2E2E2",
                                                "mf_input_border_focus_border": "solid",
                                                "mf_input_border_focus_width": {
                                                    "unit": "px",
                                                    "top": "0",
                                                    "right": "0",
                                                    "bottom": "1",
                                                    "left": "0",
                                                    "isLinked": ""
                                                },
                                                "mf_input_typgraphy_typography": "custom",
                                                "mf_input_typgraphy_font_family": "Heebo",
                                                "mf_input_typgraphy_font_size": {
                                                    "unit": "px",
                                                    "size": "16",
                                                    "sizes": []
                                                },
                                                "mf_input_typgraphy_font_weight": "400",
                                                "mf_input_typgraphy_line_height": {
                                                    "unit": "px",
                                                    "size": "40",
                                                    "sizes": []
                                                },
                                                "mf_input_place_holder_typography_typography": "custom",
                                                "mf_input_place_holder_typography_font_family": "Heebo",
                                                "mf_input_place_holder_typography_font_size": {
                                                    "unit": "px",
                                                    "size": "14",
                                                    "sizes": []
                                                },
                                                "mf_input_place_holder_typography_font_weight": "400",
                                                "mf_input_place_holder_typography_line_height": {
                                                    "unit": "em",
                                                    "size": "",
                                                    "sizes": []
                                                },
                                                "__globals__": {
                                                    "mf_input_border_focus_color": "globals\/colors?id=accent",
                                                    "mf_input_color": "globals\/colors?id=primary",
                                                    "mf_input_typgraphy_typography": "",
                                                    "mf_input_placeholder_color": "",
                                                    "mf_input_label_typography_typography": "globals\/typography?id=87de8e9",
                                                    "mf_input_label_color": "globals\/colors?id=primary",
                                                    "mf_input_color_hover": "globals\/colors?id=primary",
                                                    "mf_error_message_typography_typography": "globals\/typography?id=6407311"
                                                },
                                                "show_login_email": "",
                                                "mf_input_border_hover_border": "solid",
                                                "mf_input_border_hover_width": {
                                                    "unit": "px",
                                                    "top": "0",
                                                    "right": "0",
                                                    "bottom": "1",
                                                    "left": "0",
                                                    "isLinked": ""
                                                },
                                                "mf_input_label_color": "#0C2A52",
                                                "mf_input_color_hover": "#0C2A52",
                                                "mf_input_border_focus_color": "#847AFF",
                                                "mf_input_place_holder_typography_letter_spacing": {
                                                    "unit": "px",
                                                    "size": "0",
                                                    "sizes": []
                                                },
                                                "mf_input_placeholder_color": "#0C2A5247"
                                            },
                                            "elements": [],
                                            "isInner": false,
                                            "widgetType": "mf-email",
                                            "elType": "widget"
                                        }
                                    ],
                                    "isInner": "1",
                                    "elType": "column"
                                },
                                {
                                    "id": "62f6722",
                                    "settings": {
                                        "_column_size": "50",
                                        "margin": {
                                            "unit": "px",
                                            "top": "0",
                                            "right": "0",
                                            "bottom": "0",
                                            "left": "15",
                                            "isLinked": ""
                                        },
                                        "margin_mobile": {
                                            "unit": "px",
                                            "top": "20",
                                            "right": "0",
                                            "bottom": "0",
                                            "left": "0",
                                            "isLinked": ""
                                        }
                                    },
                                    "elements": [
                                        {
                                            "id": "17a3b55d",
                                            "settings": {
                                                "mf_input_label": "Your Subject",
                                                "mf_input_name": "mf-text",
                                                "mf_input_placeholder": "Input your subject",
                                                "mf_input_validation_warning_message": "This field is required.",
                                                "mf_input_padding": {
                                                    "unit": "px",
                                                    "top": "10",
                                                    "right": "16",
                                                    "bottom": "10",
                                                    "left": "0",
                                                    "isLinked": ""
                                                },
                                                "mf_input_color": "#0C2A52",
                                                "mf_input_background_background": "classic",
                                                "mf_input_background_color": "#BC555500",
                                                "mf_input_border_border": "solid",
                                                "mf_input_border_width": {
                                                    "unit": "px",
                                                    "top": "0",
                                                    "right": "0",
                                                    "bottom": "1",
                                                    "left": "0",
                                                    "isLinked": ""
                                                },
                                                "mf_input_border_color": "#E2E2E2",
                                                "mf_input_border_focus_border": "solid",
                                                "mf_input_border_focus_width": {
                                                    "unit": "px",
                                                    "top": "0",
                                                    "right": "0",
                                                    "bottom": "1",
                                                    "left": "0",
                                                    "isLinked": ""
                                                },
                                                "mf_input_typgraphy_typography": "custom",
                                                "mf_input_typgraphy_font_family": "Heebo",
                                                "mf_input_typgraphy_font_size": {
                                                    "unit": "px",
                                                    "size": "16",
                                                    "sizes": []
                                                },
                                                "mf_input_typgraphy_font_weight": "400",
                                                "mf_input_typgraphy_line_height": {
                                                    "unit": "px",
                                                    "size": "40",
                                                    "sizes": []
                                                },
                                                "mf_input_place_holder_typography_typography": "custom",
                                                "mf_input_place_holder_typography_font_family": "Heebo",
                                                "mf_input_place_holder_typography_font_size": {
                                                    "unit": "px",
                                                    "size": "14",
                                                    "sizes": []
                                                },
                                                "mf_input_place_holder_typography_font_weight": "400",
                                                "mf_input_place_holder_typography_line_height": {
                                                    "unit": "em",
                                                    "size": "",
                                                    "sizes": []
                                                },
                                                "__globals__": {
                                                    "mf_input_border_focus_color": "globals\/colors?id=accent",
                                                    "mf_input_color": "globals\/colors?id=primary",
                                                    "mf_input_typgraphy_typography": "",
                                                    "mf_input_placeholder_color": "",
                                                    "mf_input_label_typography_typography": "globals\/typography?id=87de8e9",
                                                    "mf_input_label_color": "globals\/colors?id=primary",
                                                    "mf_input_color_hover": "globals\/colors?id=primary"
                                                },
                                                "mf_input_border_hover_border": "solid",
                                                "mf_input_border_hover_width": {
                                                    "unit": "px",
                                                    "top": "0",
                                                    "right": "0",
                                                    "bottom": "1",
                                                    "left": "0",
                                                    "isLinked": ""
                                                },
                                                "mf_input_place_holder_typography_letter_spacing": {
                                                    "unit": "px",
                                                    "size": "0",
                                                    "sizes": []
                                                },
                                                "mf_input_label_color": "#0C2A52",
                                                "mf_input_label_typography_typography": "custom",
                                                "mf_input_label_typography_font_family": "DM Sans",
                                                "mf_input_label_typography_font_size": {
                                                    "unit": "px",
                                                    "size": "18",
                                                    "sizes": []
                                                },
                                                "mf_input_label_typography_font_weight": "500",
                                                "mf_input_label_typography_text_transform": "none",
                                                "mf_input_label_typography_font_style": "normal",
                                                "mf_input_label_typography_text_decoration": "none",
                                                "mf_input_label_typography_line_height": {
                                                    "unit": "em",
                                                    "size": "1.2",
                                                    "sizes": []
                                                },
                                                "mf_input_label_typography_letter_spacing": {
                                                    "unit": "em",
                                                    "size": "-0.03",
                                                    "sizes": []
                                                },
                                                "mf_input_label_typography_word_spacing": {
                                                    "unit": "em",
                                                    "size": "",
                                                    "sizes": []
                                                },
                                                "mf_input_color_hover": "#0C2A52",
                                                "mf_input_border_focus_color": "#847AFF",
                                                "mf_input_placeholder_color": "#0C2A5247"
                                            },
                                            "elements": [],
                                            "isInner": false,
                                            "widgetType": "mf-text",
                                            "elType": "widget"
                                        }
                                    ],
                                    "isInner": "1",
                                    "elType": "column"
                                }
                            ],
                            "isInner": "1",
                            "elType": "section"
                        },
                        {
                            "id": "1e51464b",
                            "settings": {
                                "mf_input_label": "Your Message",
                                "mf_input_name": "mf-textarea",
                                "mf_input_placeholder": "Write your message",
                                "mf_input_validation_warning_message": "This field is required.",
                                "mf_input_padding": {
                                    "unit": "px",
                                    "top": "20",
                                    "right": "16",
                                    "bottom": "10",
                                    "left": "0",
                                    "isLinked": ""
                                },
                                "mf_input_color": "#0C2A52",
                                "mf_input_background_background": "classic",
                                "mf_input_background_color": "#BC555500",
                                "mf_input_border_border": "solid",
                                "mf_input_border_width": {
                                    "unit": "px",
                                    "top": "0",
                                    "right": "0",
                                    "bottom": "1",
                                    "left": "0",
                                    "isLinked": ""
                                },
                                "mf_input_border_color": "#E2E2E2",
                                "mf_input_border_focus_border": "solid",
                                "mf_input_border_focus_width": {
                                    "unit": "px",
                                    "top": "0",
                                    "right": "0",
                                    "bottom": "1",
                                    "left": "0",
                                    "isLinked": ""
                                },
                                "mf_input_typgraphy_typography": "custom",
                                "mf_input_typgraphy_font_family": "Heebo",
                                "mf_input_typgraphy_font_size": {
                                    "unit": "px",
                                    "size": "16",
                                    "sizes": []
                                },
                                "mf_input_typgraphy_font_weight": "400",
                                "mf_input_typgraphy_line_height": {
                                    "unit": "px",
                                    "size": "40",
                                    "sizes": []
                                },
                                "mf_input_place_holder_typography_typography": "custom",
                                "mf_input_place_holder_typography_font_family": "Heebo",
                                "mf_input_place_holder_typography_font_size": {
                                    "unit": "px",
                                    "size": "14",
                                    "sizes": []
                                },
                                "mf_input_place_holder_typography_font_weight": "400",
                                "mf_input_place_holder_typography_line_height": {
                                    "unit": "em",
                                    "size": "",
                                    "sizes": []
                                },
                                "__globals__": {
                                    "mf_input_border_focus_color": "globals\/colors?id=accent",
                                    "mf_input_color": "globals\/colors?id=primary",
                                    "mf_input_typgraphy_typography": "",
                                    "mf_input_placeholder_color": "",
                                    "mf_input_label_color": "globals\/colors?id=primary",
                                    "mf_input_label_typography_typography": "globals\/typography?id=87de8e9"
                                },
                                "mf_textarea_field_height": {
                                    "unit": "px",
                                    "size": "124",
                                    "sizes": []
                                },
                                "mf_input_border_hover_border": "solid",
                                "mf_input_border_hover_width": {
                                    "unit": "px",
                                    "top": "0",
                                    "right": "0",
                                    "bottom": "1",
                                    "left": "0",
                                    "isLinked": ""
                                },
                                "mf_input_place_holder_typography_letter_spacing": {
                                    "unit": "px",
                                    "size": "0",
                                    "sizes": []
                                },
                                "mf_input_label_color": "#0C2A52",
                                "mf_input_label_typography_typography": "custom",
                                "mf_input_label_typography_font_family": "DM Sans",
                                "mf_input_label_typography_font_size": {
                                    "unit": "px",
                                    "size": "18",
                                    "sizes": []
                                },
                                "mf_input_label_typography_font_weight": "500",
                                "mf_input_label_typography_text_transform": "none",
                                "mf_input_label_typography_font_style": "normal",
                                "mf_input_label_typography_text_decoration": "none",
                                "mf_input_label_typography_line_height": {
                                    "unit": "em",
                                    "size": "1.2",
                                    "sizes": []
                                },
                                "mf_input_label_typography_letter_spacing": {
                                    "unit": "em",
                                    "size": "-0.03",
                                    "sizes": []
                                },
                                "mf_input_label_typography_word_spacing": {
                                    "unit": "em",
                                    "size": "",
                                    "sizes": []
                                },
                                "mf_input_border_focus_color": "#847AFF",
                                "mf_input_placeholder_color": "#0C2A5247"
                            },
                            "elements": [],
                            "isInner": false,
                            "widgetType": "mf-textarea",
                            "elType": "widget"
                        },
                        {
                            "id": "467b4d71",
                            "settings": {
                                "mf_btn_text": "Send Message",
                                "mf_btn_align": "left",
                                "mf_hidden_input": [],
                                "mf_btn_text_padding": {
                                    "unit": "px",
                                    "top": "19",
                                    "right": "38",
                                    "bottom": "19",
                                    "left": "38",
                                    "isLinked": ""
                                },
                                "mf_btn_bg_color_background": "gradient",
                                "mf_btn_bg_hover_color_background": "gradient",
                                "mf_btn_box_shadow_group_box_shadow_type": "yes",
                                "mf_btn_box_shadow_group_box_shadow": {
                                    "horizontal": "0",
                                    "vertical": "0",
                                    "blur": "0",
                                    "spread": "0",
                                    "color": "rgba(0,0,0,0.5)"
                                },
                                "__globals__": {
                                    "mf_btn_bg_color_color": "globals\/colors?id=accent",
                                    "mf_btn_text_color": "globals\/colors?id=1a3ed4d",
                                    "mf_btn_bg_hover_color_color": "globals\/colors?id=primary",
                                    "mf_btn_typography_typography": "globals\/typography?id=ca813c1",
                                    "mf_btn_bg_color_color_b": "globals\/colors?id=591a5e1",
                                    "mf_btn_bg_hover_color_color_b": "globals\/colors?id=primary"
                                },
                                "mf_btn_border_radius": {
                                    "unit": "px",
                                    "top": "50",
                                    "right": "50",
                                    "bottom": "50",
                                    "left": "50",
                                    "isLinked": "1"
                                },
                                "_margin": {
                                    "unit": "px",
                                    "top": "20",
                                    "right": "0",
                                    "bottom": "0",
                                    "left": "0",
                                    "isLinked": ""
                                },
                                "mf_btn_bg_color_gradient_angle": {
                                    "unit": "deg",
                                    "size": "80",
                                    "sizes": []
                                },
                                "mf_btn_text_padding_mobile": {
                                    "unit": "px",
                                    "top": "17",
                                    "right": "34",
                                    "bottom": "17",
                                    "left": "34",
                                    "isLinked": ""
                                }
                            },
                            "elements": [],
                            "isInner": false,
                            "widgetType": "mf-button",
                            "elType": "widget"
                        }
                    ],
                    "isInner": "",
                    "elType": "column"
                }
            ],
            "isInner": "",
            "elType": "section"
        }
    ]
}