{
    "version": "0.4",
    "title": "Single Post",
    "type": "section",
    "metadata": {
        "template_type": "single-post",
        "include_in_zip": "1",
        "elementor_pro_required": null,
        "wp_page_template": "elementor_header_footer"
    },
    "content": [
        {
            "id": "4f848c01",
            "settings": {
                "content_width": {
                    "unit": "px",
                    "size": "1200",
                    "sizes": []
                },
                "background_background": "classic",
                "border_width": {
                    "unit": "px",
                    "top": "0",
                    "right": "60",
                    "bottom": "0",
                    "left": "60",
                    "isLinked": ""
                },
                "z_index": "8",
                "__globals__": {
                    "background_color": "globals\/colors?id=1a3ed4d",
                    "border_color": "globals\/colors?id=1a3ed4d",
                    "background_overlay_color": "",
                    "background_overlay_color_b": ""
                },
                "background_overlay_background": "classic",
                "background_overlay_image": {
                    "url": "",
                    "id": "",
                    "alt": "",
                    "source": "library"
                },
                "background_overlay_position": "center center",
                "background_overlay_xpos": {
                    "unit": "px",
                    "size": "95",
                    "sizes": []
                },
                "background_overlay_ypos": {
                    "unit": "px",
                    "size": "307",
                    "sizes": []
                },
                "background_overlay_attachment": "fixed",
                "background_overlay_repeat": "no-repeat",
                "background_overlay_size": "initial",
                "background_overlay_bg_width": {
                    "unit": "%",
                    "size": "60",
                    "sizes": []
                },
                "background_overlay_opacity": {
                    "unit": "px",
                    "size": "1",
                    "sizes": []
                },
                "layout": "full_width",
                "background_image": {
                    "url": "",
                    "id": "",
                    "alt": "Team, smile and portrait of business people with solidarity, teamwork and community at a startup. S",
                    "source": "library"
                },
                "background_position": "center right",
                "background_repeat": "no-repeat",
                "background_size": "initial",
                "background_bg_width": {
                    "unit": "%",
                    "size": "66",
                    "sizes": []
                },
                "background_overlay_color_stop": {
                    "unit": "%",
                    "size": "53",
                    "sizes": []
                },
                "background_overlay_color_b": "#04162F00",
                "background_overlay_color_b_stop": {
                    "unit": "%",
                    "size": "43",
                    "sizes": []
                },
                "background_overlay_gradient_angle": {
                    "unit": "deg",
                    "size": "90",
                    "sizes": []
                },
                "border_color": "#FFFFFF",
                "margin": {
                    "unit": "px",
                    "top": "",
                    "right": "0",
                    "bottom": "",
                    "left": "0",
                    "isLinked": "1"
                },
                "padding": {
                    "unit": "px",
                    "top": "0",
                    "right": "20",
                    "bottom": "0",
                    "left": "20",
                    "isLinked": ""
                },
                "padding_tablet": {
                    "unit": "px",
                    "top": "0",
                    "right": "20",
                    "bottom": "0",
                    "left": "20",
                    "isLinked": ""
                }
            },
            "elements": [
                {
                    "id": "1978176b",
                    "settings": {
                        "_column_size": "100",
                        "padding": {
                            "unit": "px",
                            "top": "200",
                            "right": "10",
                            "bottom": "220",
                            "left": "10",
                            "isLinked": ""
                        },
                        "background_background": "classic",
                        "background_image": {
                            "url": "",
                            "id": "",
                            "alt": "",
                            "source": "library"
                        },
                        "background_position": "top right",
                        "background_repeat": "repeat",
                        "background_overlay_background": "classic",
                        "background_overlay_image": {
                            "url": "https:\/\/templatekit.jegtheme.com\/geech\/wp-content\/uploads\/sites\/339\/2023\/02\/bg-gradient-2.jpg",
                            "id": "3801",
                            "alt": "",
                            "source": "library"
                        },
                        "background_overlay_position": "center center",
                        "background_overlay_xpos": {
                            "unit": "px",
                            "size": "-330",
                            "sizes": []
                        },
                        "background_overlay_ypos": {
                            "unit": "px",
                            "size": "-259",
                            "sizes": []
                        },
                        "background_overlay_attachment": "fixed",
                        "background_overlay_repeat": "no-repeat",
                        "background_overlay_size": "cover",
                        "background_overlay_bg_width": {
                            "unit": "%",
                            "size": "80",
                            "sizes": []
                        },
                        "background_overlay_opacity": {
                            "unit": "px",
                            "size": "0.4",
                            "sizes": []
                        },
                        "content_position": "center",
                        "border_radius": {
                            "unit": "px",
                            "top": "20",
                            "right": "20",
                            "bottom": "20",
                            "left": "20",
                            "isLinked": ""
                        },
                        "__globals__": {
                            "background_color": "globals\/colors?id=secondary"
                        },
                        "padding_tablet": {
                            "unit": "px",
                            "top": "180",
                            "right": "10",
                            "bottom": "240",
                            "left": "10",
                            "isLinked": ""
                        },
                        "padding_mobile": {
                            "unit": "px",
                            "top": "120",
                            "right": "10",
                            "bottom": "100",
                            "left": "10",
                            "isLinked": ""
                        }
                    },
                    "elements": [
                        {
                            "id": "78966544",
                            "settings": {
                                "content_width": {
                                    "unit": "px",
                                    "size": "800",
                                    "sizes": []
                                },
                                "animation": "fadeIn"
                            },
                            "elements": [
                                {
                                    "id": "3aea9a85",
                                    "settings": {
                                        "_column_size": "100",
                                        "align": "center"
                                    },
                                    "elements": [
                                        {
                                            "id": "275eb4d9",
                                            "settings": {
                                                "sg_term_separator": ", ",
                                                "sg_term_link_to": "term",
                                                "st_term_normal_color_responsive": "#847AFF",
                                                "_margin": {
                                                    "unit": "px",
                                                    "top": "0",
                                                    "right": "10",
                                                    "bottom": "0",
                                                    "left": "0",
                                                    "isLinked": ""
                                                },
                                                "_element_width": "auto",
                                                "_background_background": "classic",
                                                "_border_radius": {
                                                    "unit": "px",
                                                    "top": "3",
                                                    "right": "3",
                                                    "bottom": "3",
                                                    "left": "3",
                                                    "isLinked": "1"
                                                },
                                                "__globals__": {
                                                    "_background_color": "",
                                                    "st_term_typography_content_typography_typography": "globals\/typography?id=4109e74",
                                                    "st_term_normal_color_responsive": "globals\/colors?id=accent",
                                                    "st_term_hover_color_responsive": "globals\/colors?id=primary"
                                                }
                                            },
                                            "elements": [],
                                            "isInner": false,
                                            "widgetType": "jkit_post_terms",
                                            "elType": "widget"
                                        },
                                        {
                                            "id": "6063a982",
                                            "settings": {
                                                "text": "Divider",
                                                "weight": {
                                                    "unit": "px",
                                                    "size": "1.1",
                                                    "sizes": []
                                                },
                                                "gap": {
                                                    "unit": "px",
                                                    "size": "13",
                                                    "sizes": []
                                                },
                                                "_margin": {
                                                    "unit": "px",
                                                    "top": "0",
                                                    "right": "5",
                                                    "bottom": "0",
                                                    "left": "5",
                                                    "isLinked": ""
                                                },
                                                "_element_width": "initial",
                                                "_element_custom_width": {
                                                    "unit": "px",
                                                    "size": "40",
                                                    "sizes": []
                                                },
                                                "__globals__": {
                                                    "color": "globals\/colors?id=3cb5f70"
                                                },
                                                "gap_mobile": {
                                                    "unit": "px",
                                                    "size": "11",
                                                    "sizes": []
                                                }
                                            },
                                            "elements": [],
                                            "isInner": false,
                                            "widgetType": "divider",
                                            "elType": "widget"
                                        },
                                        {
                                            "id": "457a2d17",
                                            "settings": {
                                                "sg_date_format_custom": "F j, Y",
                                                "sg_date_html_tag": "span",
                                                "sg_date_link_to": "date",
                                                "st_date_normal_color_responsive": "#847AFF",
                                                "_margin": {
                                                    "unit": "px",
                                                    "top": "0",
                                                    "right": "0",
                                                    "bottom": "0",
                                                    "left": "10",
                                                    "isLinked": ""
                                                },
                                                "_element_width": "auto",
                                                "_background_background": "classic",
                                                "_border_radius": {
                                                    "unit": "px",
                                                    "top": "3",
                                                    "right": "3",
                                                    "bottom": "3",
                                                    "left": "3",
                                                    "isLinked": "1"
                                                },
                                                "__globals__": {
                                                    "_background_color": "",
                                                    "st_date_typography_content_typography_typography": "globals\/typography?id=4109e74",
                                                    "st_date_normal_color_responsive": "globals\/colors?id=text",
                                                    "st_date_hover_color_responsive": "globals\/colors?id=primary"
                                                }
                                            },
                                            "elements": [],
                                            "isInner": false,
                                            "widgetType": "jkit_post_date",
                                            "elType": "widget"
                                        }
                                    ],
                                    "isInner": "1",
                                    "elType": "column"
                                }
                            ],
                            "isInner": "1",
                            "elType": "section"
                        },
                        {
                            "id": "6c3fa3f9",
                            "settings": {
                                "content_width": {
                                    "unit": "px",
                                    "size": "1200",
                                    "sizes": []
                                },
                                "content_position": "middle",
                                "margin": {
                                    "unit": "px",
                                    "top": "10",
                                    "right": "0",
                                    "bottom": "0",
                                    "left": "0",
                                    "isLinked": ""
                                },
                                "animation": "fadeIn",
                                "animation_delay": "200",
                                "margin_mobile": {
                                    "unit": "px",
                                    "top": "0",
                                    "right": "0",
                                    "bottom": "0",
                                    "left": "0",
                                    "isLinked": ""
                                }
                            },
                            "elements": [
                                {
                                    "id": "2fe37ea1",
                                    "settings": {
                                        "_column_size": "100",
                                        "align": "flex-end",
                                        "_inline_size_tablet": "100",
                                        "padding_mobile": {
                                            "unit": "px",
                                            "top": "10",
                                            "right": "10",
                                            "bottom": "10",
                                            "left": "10",
                                            "isLinked": "1"
                                        }
                                    },
                                    "elements": [
                                        {
                                            "id": "29057adc",
                                            "settings": {
                                                "sg_title_html_tag": "h1",
                                                "st_title_alignment_responsive": "center",
                                                "__globals__": {
                                                    "st_title_typography_content_typography_typography": "globals\/typography?id=primary",
                                                    "st_title_normal_color_responsive": "globals\/colors?id=primary"
                                                }
                                            },
                                            "elements": [],
                                            "isInner": false,
                                            "widgetType": "jkit_post_title",
                                            "elType": "widget"
                                        }
                                    ],
                                    "isInner": "1",
                                    "elType": "column"
                                }
                            ],
                            "isInner": "1",
                            "elType": "section"
                        }
                    ],
                    "isInner": "",
                    "elType": "column"
                }
            ],
            "isInner": "",
            "elType": "section"
        },
        {
            "id": "61aadc7a",
            "settings": {
                "content_width": {
                    "unit": "px",
                    "size": "1200",
                    "sizes": []
                },
                "background_background": "classic",
                "z_index": "8",
                "__globals__": {
                    "background_color": "globals\/colors?id=1a3ed4d"
                },
                "margin_tablet": {
                    "unit": "px",
                    "top": "",
                    "right": "0",
                    "bottom": "",
                    "left": "0",
                    "isLinked": "1"
                },
                "padding_tablet": {
                    "unit": "px",
                    "top": "0",
                    "right": "30",
                    "bottom": "0",
                    "left": "30",
                    "isLinked": ""
                }
            },
            "elements": [
                {
                    "id": "75a07b0c",
                    "settings": {
                        "_column_size": "100",
                        "padding_mobile": {
                            "unit": "px",
                            "top": "0",
                            "right": "0",
                            "bottom": "0",
                            "left": "0",
                            "isLinked": ""
                        }
                    },
                    "elements": [
                        {
                            "id": "1c08c45a",
                            "settings": {
                                "sg_image_size_imagesize_size": "full",
                                "st_image_border_radius_responsive": {
                                    "unit": "px",
                                    "top": "10",
                                    "right": "10",
                                    "bottom": "10",
                                    "left": "10",
                                    "isLinked": "1"
                                },
                                "_margin": {
                                    "unit": "px",
                                    "top": "-160",
                                    "right": "0",
                                    "bottom": "0",
                                    "left": "0",
                                    "isLinked": ""
                                },
                                "_margin_tablet": {
                                    "unit": "px",
                                    "top": "-160",
                                    "right": "0",
                                    "bottom": "0",
                                    "left": "0",
                                    "isLinked": ""
                                },
                                "_margin_mobile": {
                                    "unit": "px",
                                    "top": "-80",
                                    "right": "0",
                                    "bottom": "0",
                                    "left": "0",
                                    "isLinked": ""
                                }
                            },
                            "elements": [],
                            "isInner": false,
                            "widgetType": "jkit_post_featured_image",
                            "elType": "widget"
                        }
                    ],
                    "isInner": "",
                    "elType": "column"
                }
            ],
            "isInner": "",
            "elType": "section"
        },
        {
            "id": "7a3a9a0b",
            "settings": {
                "padding": {
                    "unit": "px",
                    "top": "80",
                    "right": "0",
                    "bottom": "0",
                    "left": "0",
                    "isLinked": ""
                },
                "background_background": "classic",
                "z_index": "9",
                "__globals__": {
                    "background_color": "globals\/colors?id=1a3ed4d",
                    "background_color_b": ""
                },
                "content_width": {
                    "unit": "px",
                    "size": "800",
                    "sizes": []
                },
                "background_overlay_background": "classic",
                "background_overlay_image": {
                    "url": "",
                    "id": "",
                    "alt": "",
                    "source": "library"
                },
                "background_overlay_position": "bottom center",
                "background_overlay_attachment": "fixed",
                "background_overlay_repeat": "no-repeat",
                "background_overlay_size": "cover",
                "background_color_stop": {
                    "unit": "%",
                    "size": "20",
                    "sizes": []
                },
                "background_color_b": "#EBF6FF",
                "background_color_b_stop": {
                    "unit": "%",
                    "size": "80",
                    "sizes": []
                },
                "background_gradient_type": "radial",
                "background_gradient_position": "bottom center",
                "background_overlay_color_stop": {
                    "unit": "%",
                    "size": "16",
                    "sizes": []
                },
                "background_overlay_color_b": "#EBF6FF",
                "background_overlay_color_b_stop": {
                    "unit": "%",
                    "size": "88",
                    "sizes": []
                },
                "background_overlay_gradient_type": "radial",
                "background_overlay_opacity": {
                    "unit": "px",
                    "size": "0.32",
                    "sizes": []
                },
                "padding_tablet": {
                    "unit": "px",
                    "top": "60",
                    "right": "20",
                    "bottom": "0",
                    "left": "20",
                    "isLinked": ""
                },
                "padding_mobile": {
                    "unit": "px",
                    "top": "40",
                    "right": "30",
                    "bottom": "0",
                    "left": "30",
                    "isLinked": ""
                },
                "structure": "20",
                "margin": {
                    "unit": "px",
                    "top": "0",
                    "right": "0",
                    "bottom": "0",
                    "left": "0",
                    "isLinked": ""
                },
                "reverse_order_mobile": "reverse-mobile"
            },
            "elements": [
                {
                    "id": "26778656",
                    "settings": {
                        "_column_size": "50",
                        "padding_mobile": {
                            "unit": "px",
                            "top": "10",
                            "right": "0",
                            "bottom": "10",
                            "left": "0",
                            "isLinked": ""
                        },
                        "border_border": "none",
                        "border_width": {
                            "unit": "px",
                            "top": "0",
                            "right": "0",
                            "bottom": "1",
                            "left": "0",
                            "isLinked": ""
                        },
                        "margin": {
                            "unit": "px",
                            "top": "0",
                            "right": "10",
                            "bottom": "0",
                            "left": "10",
                            "isLinked": ""
                        },
                        "padding": {
                            "unit": "px",
                            "top": "10",
                            "right": "0",
                            "bottom": "130",
                            "left": "0",
                            "isLinked": ""
                        },
                        "__globals__": {
                            "border_color": "globals\/colors?id=1104bac"
                        },
                        "_inline_size": "10",
                        "jkit_sticky_section": "enabled",
                        "jkit_sticky_device": [
                            "desktop",
                            "tablet"
                        ],
                        "margin_mobile": {
                            "unit": "px",
                            "top": "20",
                            "right": "0",
                            "bottom": "0",
                            "left": "10",
                            "isLinked": ""
                        },
                        "hide_mobile": "hidden-mobile"
                    },
                    "elements": [
                        {
                            "id": "61773724",
                            "settings": {
                                "sg_social_alignment_responsive": "left",
                                "sg_social_list": [
                                    {
                                        "sg_social_icon": {
                                            "value": "fab fa-facebook-f",
                                            "library": "fa-brands"
                                        },
                                        "sg_social_label": "Facebook",
                                        "_id": "1c57925"
                                    },
                                    {
                                        "sg_social_icon": {
                                            "value": "fab fa-twitter",
                                            "library": "fa-brands"
                                        },
                                        "sg_social_brand": "twitter",
                                        "sg_social_label": "Twitter",
                                        "_id": "5b7460c"
                                    },
                                    {
                                        "sg_social_icon": {
                                            "value": "jki jki-whatsapp-1-light",
                                            "library": "jkiticon"
                                        },
                                        "sg_social_brand": "whatsapp",
                                        "sg_social_label": "Whatsapp",
                                        "_id": "3dfe5c2"
                                    },
                                    {
                                        "sg_social_icon": {
                                            "value": "fab fa-linkedin-in",
                                            "library": "fa-brands"
                                        },
                                        "sg_social_brand": "linkedin",
                                        "sg_social_label": "LinkedIn",
                                        "_id": "724ad86"
                                    }
                                ],
                                "st_social_alignment_responsive": "center",
                                "st_social_display_responsive": "block",
                                "st_social_margin_responsive": {
                                    "unit": "px",
                                    "top": "0",
                                    "right": "0",
                                    "bottom": "16",
                                    "left": "0",
                                    "isLinked": ""
                                },
                                "st_social_border_radius_responsive": {
                                    "unit": "px",
                                    "top": "50",
                                    "right": "50",
                                    "bottom": "50",
                                    "left": "50",
                                    "isLinked": "1"
                                },
                                "st_social_height_width": "yes",
                                "st_social_height_width_width_responsive": {
                                    "unit": "px",
                                    "size": "44",
                                    "sizes": []
                                },
                                "st_social_height_width_height_responsive": {
                                    "unit": "px",
                                    "size": "44",
                                    "sizes": []
                                },
                                "st_social_height_width_line_height_responsive": {
                                    "unit": "px",
                                    "size": "42",
                                    "sizes": []
                                },
                                "st_social_normal_background_background_background": "gradient",
                                "st_social_normal_background_background_color_stop": {
                                    "unit": "%",
                                    "size": "44",
                                    "sizes": []
                                },
                                "st_social_normal_background_background_gradient_angle": {
                                    "unit": "deg",
                                    "size": "22",
                                    "sizes": []
                                },
                                "st_social_hover_background_background_background": "gradient",
                                "__globals__": {
                                    "st_social_normal_color_responsive": "globals\/colors?id=1a3ed4d",
                                    "st_social_normal_background_background_color": "globals\/colors?id=accent",
                                    "st_social_normal_background_background_color_b": "globals\/colors?id=591a5e1",
                                    "st_social_hover_background_background_color": "globals\/colors?id=primary",
                                    "st_social_hover_background_background_color_b": "globals\/colors?id=primary"
                                },
                                "sg_social_alignment_responsive_tablet": "left",
                                "sg_social_alignment_responsive_mobile": "center",
                                "st_social_alignment_responsive_tablet": "center",
                                "st_social_display_responsive_mobile": "inline-block",
                                "st_social_margin_responsive_mobile": {
                                    "unit": "px",
                                    "top": "0",
                                    "right": "10",
                                    "bottom": "0",
                                    "left": "0",
                                    "isLinked": ""
                                },
                                "st_social_height_width_width_responsive_mobile": {
                                    "unit": "px",
                                    "size": "36",
                                    "sizes": []
                                },
                                "st_social_height_width_height_responsive_mobile": {
                                    "unit": "px",
                                    "size": "36",
                                    "sizes": []
                                },
                                "st_social_height_width_line_height_responsive_mobile": {
                                    "unit": "px",
                                    "size": "34",
                                    "sizes": []
                                },
                                "st_social_icon_size_responsive": {
                                    "unit": "px",
                                    "size": "16",
                                    "sizes": []
                                },
                                "st_social_icon_size_responsive_mobile": {
                                    "unit": "px",
                                    "size": "14",
                                    "sizes": []
                                }
                            },
                            "elements": [],
                            "isInner": false,
                            "widgetType": "jkit_social_share",
                            "elType": "widget"
                        }
                    ],
                    "isInner": "",
                    "elType": "column"
                },
                {
                    "id": "9a2a298",
                    "settings": {
                        "_column_size": "50",
                        "padding_mobile": {
                            "unit": "px",
                            "top": "10",
                            "right": "0",
                            "bottom": "10",
                            "left": "0",
                            "isLinked": ""
                        },
                        "border_border": "none",
                        "border_width": {
                            "unit": "px",
                            "top": "0",
                            "right": "0",
                            "bottom": "1",
                            "left": "0",
                            "isLinked": ""
                        },
                        "margin": {
                            "unit": "px",
                            "top": "0",
                            "right": "0",
                            "bottom": "0",
                            "left": "0",
                            "isLinked": ""
                        },
                        "padding": {
                            "unit": "px",
                            "top": "10",
                            "right": "10",
                            "bottom": "130",
                            "left": "20",
                            "isLinked": ""
                        },
                        "__globals__": {
                            "border_color": "globals\/colors?id=1104bac"
                        },
                        "_inline_size": "90",
                        "padding_tablet": {
                            "unit": "px",
                            "top": "10",
                            "right": "10",
                            "bottom": "120",
                            "left": "20",
                            "isLinked": ""
                        }
                    },
                    "elements": [
                        {
                            "id": "1783901d",
                            "settings": {
                                "gap": "no",
                                "margin": {
                                    "unit": "px",
                                    "top": "",
                                    "right": "0",
                                    "bottom": "",
                                    "left": "0",
                                    "isLinked": "1"
                                }
                            },
                            "elements": [
                                {
                                    "id": "56eccc5f",
                                    "settings": {
                                        "_column_size": "100"
                                    },
                                    "elements": [
                                        {
                                            "id": "6d1708fc",
                                            "settings": {
                                                "title": "Accelerate your business growth",
                                                "__globals__": {
                                                    "typography_typography": "globals\/typography?id=35a8ea8",
                                                    "title_color": "globals\/colors?id=primary"
                                                },
                                                "_margin": {
                                                    "unit": "px",
                                                    "top": "-10",
                                                    "right": "0",
                                                    "bottom": "0",
                                                    "left": "0",
                                                    "isLinked": ""
                                                }
                                            },
                                            "elements": [],
                                            "isInner": false,
                                            "widgetType": "heading",
                                            "elType": "widget"
                                        },
                                        {
                                            "id": "5152092f",
                                            "settings": {
                                                "editor": "Lorem ipsum dolor sit amet, consectetur adipiscing elit, sed do eiusmod tempor incididunt ut labore et dolore magna aliqua. Ut enim ad minim veniam, quis nostrud exercitation ullamco laboris nisi ut aliquip ex ea commodo consequat. Duis aute irure dolor in reprehenderit in voluptate velit esse cillum dolore eu fugiat nulla pariatur. Excepteur sint occaecat cupidatat non proident, sunt in culpa qui officia deserunt mollit anim id est laborum. Ut enim ad minim veniam, quis nostrud exercitation ullamco laboris nisi ut aliquip ex ea commodo consequat. Duis aute irure dolor in reprehenderit.",
                                                "__globals__": {
                                                    "text_color": "globals\/colors?id=text",
                                                    "typography_typography": "globals\/typography?id=text"
                                                },
                                                "typography_line_height": {
                                                    "unit": "em",
                                                    "size": "",
                                                    "sizes": []
                                                },
                                                "drop_cap_typography_line_height": {
                                                    "unit": "em",
                                                    "size": "",
                                                    "sizes": []
                                                }
                                            },
                                            "elements": [],
                                            "isInner": false,
                                            "widgetType": "text-editor",
                                            "elType": "widget"
                                        },
                                        {
                                            "id": "df36fe7",
                                            "settings": {
                                                "editor": "Consectetur adipiscing elit, sed do eiusmod tempor incididunt ut labore et dolore magna aliqua. Ut enim ad minim veniam, quis nostrud exercitation ullamco laboris nisi ut aliquip ex ea commodo consequat. Duis aute irure dolor in reprehenderit in voluptate velit esse cillum dolore eu fugiat nulla pariatur. Excepteur sint occaecat cupidatat non proident, sunt in culpa qui officia deserunt mollit anim id est laborum. Ut enim ad minim veniam, quis nostrud exercitation ullamco laboris nisi ut aliquip ex ea commodo consequat.",
                                                "__globals__": {
                                                    "text_color": "globals\/colors?id=text",
                                                    "typography_typography": "globals\/typography?id=text"
                                                },
                                                "typography_line_height": {
                                                    "unit": "em",
                                                    "size": "",
                                                    "sizes": []
                                                },
                                                "drop_cap_typography_line_height": {
                                                    "unit": "em",
                                                    "size": "",
                                                    "sizes": []
                                                }
                                            },
                                            "elements": [],
                                            "isInner": false,
                                            "widgetType": "text-editor",
                                            "elType": "widget"
                                        }
                                    ],
                                    "isInner": "1",
                                    "elType": "column"
                                }
                            ],
                            "isInner": "1",
                            "elType": "section"
                        },
                        {
                            "id": "7a97773f",
                            "settings": {
                                "gap": "no",
                                "background_background": "classic",
                                "border_border": "none",
                                "border_width": {
                                    "unit": "px",
                                    "top": "0",
                                    "right": "0",
                                    "bottom": "0",
                                    "left": "3",
                                    "isLinked": ""
                                },
                                "margin": {
                                    "unit": "px",
                                    "top": "40",
                                    "right": "0",
                                    "bottom": "0",
                                    "left": "0",
                                    "isLinked": ""
                                },
                                "padding": {
                                    "unit": "px",
                                    "top": "0",
                                    "right": "20",
                                    "bottom": "0",
                                    "left": "0",
                                    "isLinked": ""
                                },
                                "__globals__": {
                                    "border_color": "globals\/colors?id=accent",
                                    "background_color": ""
                                },
                                "padding_mobile": {
                                    "unit": "px",
                                    "top": "0",
                                    "right": "10",
                                    "bottom": "0",
                                    "left": "0",
                                    "isLinked": ""
                                },
                                "content_width": {
                                    "unit": "px",
                                    "size": "800",
                                    "sizes": []
                                }
                            },
                            "elements": [
                                {
                                    "id": "586ed6ee",
                                    "settings": {
                                        "_column_size": "100",
                                        "border_border": "solid",
                                        "border_width": {
                                            "unit": "px",
                                            "top": "0",
                                            "right": "0",
                                            "bottom": "0",
                                            "left": "3",
                                            "isLinked": ""
                                        },
                                        "padding": {
                                            "unit": "px",
                                            "top": "0",
                                            "right": "10",
                                            "bottom": "0",
                                            "left": "30",
                                            "isLinked": ""
                                        },
                                        "__globals__": {
                                            "border_color": "globals\/colors?id=accent"
                                        },
                                        "padding_mobile": {
                                            "unit": "px",
                                            "top": "0",
                                            "right": "0",
                                            "bottom": "0",
                                            "left": "20",
                                            "isLinked": ""
                                        }
                                    },
                                    "elements": [
                                        {
                                            "id": "2868ae7d",
                                            "settings": {
                                                "title": "Our commitment to providing cutting-edge technology and excellent customer support ensures that our clients receive the best possible experience. We are proud to have made a positive impact on our client's businesses",
                                                "header_size": "h4",
                                                "__globals__": {
                                                    "typography_typography": "globals\/typography?id=14abdef"
                                                }
                                            },
                                            "elements": [],
                                            "isInner": false,
                                            "widgetType": "heading",
                                            "elType": "widget"
                                        },
                                        {
                                            "id": "4bf9b57",
                                            "settings": {
                                                "sg_title_before": "Owais Davies ",
                                                "sg_title_focused": "- CEO Geech",
                                                "sg_title_html_tag": "h4",
                                                "sg_subtitle_heading": "Lorem ipsum dolor set amet",
                                                "sg_shadow_content": "news",
                                                "sg_separator_enable": "",
                                                "st_title_margin_responsive": {
                                                    "unit": "px",
                                                    "top": "-10",
                                                    "right": "0",
                                                    "bottom": "-15",
                                                    "left": "0",
                                                    "isLinked": ""
                                                },
                                                "__globals__": {
                                                    "st_title_typography_content_typography_typography": "globals\/typography?id=34c769d",
                                                    "st_title_color_responsive": "globals\/colors?id=primary",
                                                    "st_focused_typography_content_typography_typography": "globals\/typography?id=text",
                                                    "st_focused_color_responsive": "globals\/colors?id=text"
                                                }
                                            },
                                            "elements": [],
                                            "isInner": false,
                                            "widgetType": "jkit_heading",
                                            "elType": "widget"
                                        }
                                    ],
                                    "isInner": "1",
                                    "elType": "column"
                                }
                            ],
                            "isInner": "1",
                            "elType": "section"
                        },
                        {
                            "id": "4ea0bec7",
                            "settings": {
                                "content_width": {
                                    "unit": "px",
                                    "size": "800",
                                    "sizes": []
                                },
                                "gap": "no",
                                "margin": {
                                    "unit": "px",
                                    "top": "40",
                                    "right": "0",
                                    "bottom": "0",
                                    "left": "0",
                                    "isLinked": ""
                                }
                            },
                            "elements": [
                                {
                                    "id": "23d36be5",
                                    "settings": {
                                        "_column_size": "100"
                                    },
                                    "elements": [
                                        {
                                            "id": "65695359",
                                            "settings": {
                                                "editor": "Reprehenderit in voluptate velit  consectetur adipiscing elit, sed do eiusmod tempor incididunt ut labore et dolore magna aliqua. Ut enim ad minim veniam, quis nostrud exercitation ullamco laboris nisi ut aliquip ex ea commodo consequat. Duis aute irure dolor in reprehenderit in voluptate velit esse cillum dolore eu fugiat nulla pariatur. Excepteur sint occaecat cupidatat non proident, sunt in culpa qui officia deserunt mollit anim id est laborum. Ut enim ad minim veniam, quis nostrud exercitation ullamco laboris nisi ut aliquip ex ea commodo consequat. Duis aute irure dolor in reprehenderit.",
                                                "__globals__": {
                                                    "text_color": "globals\/colors?id=text",
                                                    "typography_typography": "globals\/typography?id=text"
                                                },
                                                "typography_line_height": {
                                                    "unit": "em",
                                                    "size": "",
                                                    "sizes": []
                                                },
                                                "drop_cap_typography_line_height": {
                                                    "unit": "em",
                                                    "size": "",
                                                    "sizes": []
                                                }
                                            },
                                            "elements": [],
                                            "isInner": false,
                                            "widgetType": "text-editor",
                                            "elType": "widget"
                                        },
                                        {
                                            "id": "4568d1c7",
                                            "settings": {
                                                "carousel": [
                                                    {
                                                        "id": "4015",
                                                        "url": "https:\/\/templatekit.jegtheme.com\/geech\/wp-content\/uploads\/sites\/339\/2023\/02\/programmer-working-in-a-software-developing-company-office-e1676617327630.jpg"
                                                    },
                                                    {
                                                        "id": "4156",
                                                        "url": "https:\/\/templatekit.jegtheme.com\/geech\/wp-content\/uploads\/sites\/339\/2023\/02\/it-specialist-developing-software-at-office-e1676617428850.jpg"
                                                    }
                                                ],
                                                "thumbnail_size": "custom",
                                                "thumbnail_custom_dimension": {
                                                    "width": "800",
                                                    "height": "700"
                                                },
                                                "slides_to_show": "2",
                                                "slides_to_scroll": "2",
                                                "navigation": "none",
                                                "link_to": "file",
                                                "open_lightbox": "yes",
                                                "pause_on_interaction": "no",
                                                "autoplay_speed": "3000",
                                                "image_spacing": "custom",
                                                "image_spacing_custom": {
                                                    "unit": "px",
                                                    "size": "30",
                                                    "sizes": []
                                                },
                                                "image_border_radius": {
                                                    "unit": "px",
                                                    "top": "10",
                                                    "right": "10",
                                                    "bottom": "10",
                                                    "left": "10",
                                                    "isLinked": "1"
                                                },
                                                "_margin": {
                                                    "unit": "px",
                                                    "top": "10",
                                                    "right": "0",
                                                    "bottom": "10",
                                                    "left": "0",
                                                    "isLinked": ""
                                                },
                                                "_margin_mobile": {
                                                    "unit": "px",
                                                    "top": "0",
                                                    "right": "0",
                                                    "bottom": "0",
                                                    "left": "0",
                                                    "isLinked": ""
                                                },
                                                "__globals__": {
                                                    "dots_inactive_color": "globals\/colors?id=1104bac",
                                                    "dots_color": "globals\/colors?id=text"
                                                }
                                            },
                                            "elements": [],
                                            "isInner": false,
                                            "widgetType": "image-carousel",
                                            "elType": "widget"
                                        },
                                        {
                                            "id": "531acf76",
                                            "settings": {
                                                "editor": "Consectetur adipiscing elit, sed do eiusmod tempor incididunt ut labore et dolore magna aliqua. Ut enim ad minim veniam, quis nostrud exercitation ullamco laboris nisi ut aliquip ex ea commodo consequat. Duis aute irure dolor in reprehenderit in voluptate velit esse cillum dolore eu fugiat nulla pariatur. Excepteur sint occaecat cupidatat non proident, sunt in culpa qui officia deserunt mollit anim id est laborum. Ut enim ad minim veniam, quis nostrud exercitation ullamco laboris nisi ut aliquip ex ea commodo consequat.",
                                                "__globals__": {
                                                    "text_color": "globals\/colors?id=text",
                                                    "typography_typography": "globals\/typography?id=text"
                                                },
                                                "typography_line_height": {
                                                    "unit": "em",
                                                    "size": "",
                                                    "sizes": []
                                                },
                                                "drop_cap_typography_line_height": {
                                                    "unit": "em",
                                                    "size": "",
                                                    "sizes": []
                                                }
                                            },
                                            "elements": [],
                                            "isInner": false,
                                            "widgetType": "text-editor",
                                            "elType": "widget"
                                        }
                                    ],
                                    "isInner": "1",
                                    "elType": "column"
                                }
                            ],
                            "isInner": "1",
                            "elType": "section"
                        },
                        {
                            "id": "4da2af1b",
                            "settings": {
                                "title": "Share this :",
                                "header_size": "h3",
                                "align_mobile": "center",
                                "__globals__": {
                                    "typography_typography": "globals\/typography?id=db206f4"
                                },
                                "_margin_mobile": {
                                    "unit": "px",
                                    "top": "40",
                                    "right": "0",
                                    "bottom": "0",
                                    "left": "0",
                                    "isLinked": ""
                                },
                                "hide_desktop": "hidden-desktop",
                                "hide_tablet": "hidden-tablet"
                            },
                            "elements": [],
                            "isInner": false,
                            "widgetType": "heading",
                            "elType": "widget"
                        },
                        {
                            "id": "6db714df",
                            "settings": {
                                "sg_social_alignment_responsive": "left",
                                "sg_social_list": [
                                    {
                                        "sg_social_icon": {
                                            "value": "fab fa-facebook-f",
                                            "library": "fa-brands"
                                        },
                                        "sg_social_label": "Facebook",
                                        "_id": "1c57925"
                                    },
                                    {
                                        "sg_social_icon": {
                                            "value": "fab fa-twitter",
                                            "library": "fa-brands"
                                        },
                                        "sg_social_brand": "twitter",
                                        "sg_social_label": "Twitter",
                                        "_id": "5b7460c"
                                    },
                                    {
                                        "sg_social_icon": {
                                            "value": "jki jki-whatsapp-1-light",
                                            "library": "jkiticon"
                                        },
                                        "sg_social_brand": "whatsapp",
                                        "sg_social_label": "Whatsapp",
                                        "_id": "3dfe5c2"
                                    },
                                    {
                                        "sg_social_icon": {
                                            "value": "fab fa-linkedin-in",
                                            "library": "fa-brands"
                                        },
                                        "sg_social_brand": "linkedin",
                                        "sg_social_label": "LinkedIn",
                                        "_id": "724ad86"
                                    }
                                ],
                                "st_social_alignment_responsive": "center",
                                "st_social_margin_responsive": {
                                    "unit": "px",
                                    "top": "0",
                                    "right": "10",
                                    "bottom": "0",
                                    "left": "0",
                                    "isLinked": ""
                                },
                                "st_social_border_radius_responsive": {
                                    "unit": "px",
                                    "top": "50",
                                    "right": "50",
                                    "bottom": "50",
                                    "left": "50",
                                    "isLinked": "1"
                                },
                                "st_social_height_width": "yes",
                                "st_social_height_width_width_responsive": {
                                    "unit": "px",
                                    "size": "40",
                                    "sizes": []
                                },
                                "st_social_height_width_height_responsive": {
                                    "unit": "px",
                                    "size": "40",
                                    "sizes": []
                                },
                                "st_social_height_width_line_height_responsive": {
                                    "unit": "px",
                                    "size": "40",
                                    "sizes": []
                                },
                                "st_social_normal_background_background_background": "gradient",
                                "st_social_normal_background_background_color_stop": {
                                    "unit": "%",
                                    "size": "44",
                                    "sizes": []
                                },
                                "st_social_normal_background_background_gradient_angle": {
                                    "unit": "deg",
                                    "size": "22",
                                    "sizes": []
                                },
                                "st_social_hover_background_background_background": "gradient",
                                "__globals__": {
                                    "st_social_normal_color_responsive": "globals\/colors?id=1a3ed4d",
                                    "st_social_normal_background_background_color": "globals\/colors?id=accent",
                                    "st_social_normal_background_background_color_b": "globals\/colors?id=591a5e1",
                                    "st_social_hover_background_background_color": "globals\/colors?id=primary",
                                    "st_social_hover_background_background_color_b": "globals\/colors?id=primary"
                                },
                                "sg_social_alignment_responsive_tablet": "left",
                                "sg_social_alignment_responsive_mobile": "center",
                                "st_social_alignment_responsive_tablet": "center",
                                "st_social_display_responsive_mobile": "inline-block",
                                "st_social_margin_responsive_mobile": {
                                    "unit": "px",
                                    "top": "0",
                                    "right": "10",
                                    "bottom": "0",
                                    "left": "0",
                                    "isLinked": ""
                                },
                                "st_social_height_width_width_responsive_mobile": {
                                    "unit": "px",
                                    "size": "40",
                                    "sizes": []
                                },
                                "st_social_height_width_height_responsive_mobile": {
                                    "unit": "px",
                                    "size": "40",
                                    "sizes": []
                                },
                                "st_social_height_width_line_height_responsive_mobile": {
                                    "unit": "px",
                                    "size": "40",
                                    "sizes": []
                                },
                                "st_social_icon_size_responsive": {
                                    "unit": "px",
                                    "size": "16",
                                    "sizes": []
                                },
                                "st_social_icon_size_responsive_mobile": {
                                    "unit": "px",
                                    "size": "14",
                                    "sizes": []
                                },
                                "hide_desktop": "hidden-desktop",
                                "hide_tablet": "hidden-tablet"
                            },
                            "elements": [],
                            "isInner": false,
                            "widgetType": "jkit_social_share",
                            "elType": "widget"
                        },
                        {
                            "id": "289e459f",
                            "settings": {
                                "content_width": {
                                    "unit": "px",
                                    "size": "800",
                                    "sizes": []
                                },
                                "gap": "no",
                                "margin": {
                                    "unit": "px",
                                    "top": "80",
                                    "right": "0",
                                    "bottom": "0",
                                    "left": "0",
                                    "isLinked": ""
                                },
                                "margin_mobile": {
                                    "unit": "px",
                                    "top": "40",
                                    "right": "0",
                                    "bottom": "0",
                                    "left": "0",
                                    "isLinked": ""
                                }
                            },
                            "elements": [
                                {
                                    "id": "108ee9b7",
                                    "settings": {
                                        "_column_size": "100",
                                        "border_border": "solid",
                                        "border_width": {
                                            "unit": "px",
                                            "top": "1",
                                            "right": "0",
                                            "bottom": "0",
                                            "left": "0",
                                            "isLinked": ""
                                        },
                                        "padding": {
                                            "unit": "px",
                                            "top": "60",
                                            "right": "0",
                                            "bottom": "0",
                                            "left": "0",
                                            "isLinked": ""
                                        },
                                        "__globals__": {
                                            "border_color": "globals\/colors?id=1104bac"
                                        },
                                        "padding_mobile": {
                                            "unit": "px",
                                            "top": "40",
                                            "right": "0",
                                            "bottom": "0",
                                            "left": "0",
                                            "isLinked": ""
                                        }
                                    },
                                    "elements": [
                                        {
                                            "id": "16a10505",
                                            "settings": [],
                                            "elements": [],
                                            "isInner": false,
                                            "widgetType": "jkit_post_comment",
                                            "elType": "widget"
                                        }
                                    ],
                                    "isInner": "1",
                                    "elType": "column"
                                }
                            ],
                            "isInner": "1",
                            "elType": "section"
                        }
                    ],
                    "isInner": "",
                    "elType": "column"
                }
            ],
            "isInner": "",
            "elType": "section"
        },
        {
            "id": "3ae37f4a",
            "settings": {
                "padding": {
                    "unit": "px",
                    "top": "0",
                    "right": "10",
                    "bottom": "120",
                    "left": "10",
                    "isLinked": ""
                },
                "background_background": "classic",
                "z_index": "6",
                "__globals__": {
                    "background_color": "globals\/colors?id=1a3ed4d",
                    "background_color_b": ""
                },
                "content_width": {
                    "unit": "px",
                    "size": "1200",
                    "sizes": []
                },
                "background_overlay_background": "classic",
                "background_overlay_image": {
                    "url": "",
                    "id": "",
                    "alt": "",
                    "source": "library"
                },
                "background_overlay_position": "bottom center",
                "background_overlay_attachment": "fixed",
                "background_overlay_repeat": "no-repeat",
                "background_overlay_size": "cover",
                "background_color_stop": {
                    "unit": "%",
                    "size": "20",
                    "sizes": []
                },
                "background_color_b": "#EBF6FF",
                "background_color_b_stop": {
                    "unit": "%",
                    "size": "80",
                    "sizes": []
                },
                "background_gradient_type": "radial",
                "background_gradient_position": "bottom center",
                "background_overlay_color_stop": {
                    "unit": "%",
                    "size": "16",
                    "sizes": []
                },
                "background_overlay_color_b": "#EBF6FF",
                "background_overlay_color_b_stop": {
                    "unit": "%",
                    "size": "88",
                    "sizes": []
                },
                "background_overlay_gradient_type": "radial",
                "background_overlay_opacity": {
                    "unit": "px",
                    "size": "0.32",
                    "sizes": []
                },
                "padding_tablet": {
                    "unit": "px",
                    "top": "0",
                    "right": "20",
                    "bottom": "60",
                    "left": "20",
                    "isLinked": ""
                },
                "padding_mobile": {
                    "unit": "px",
                    "top": "40",
                    "right": "20",
                    "bottom": "40",
                    "left": "20",
                    "isLinked": ""
                }
            },
            "elements": [
                {
                    "id": "4c03887f",
                    "settings": {
                        "_column_size": "100",
                        "padding_mobile": {
                            "unit": "px",
                            "top": "60",
                            "right": "10",
                            "bottom": "0",
                            "left": "10",
                            "isLinked": ""
                        },
                        "border_border": "solid",
                        "border_width": {
                            "unit": "px",
                            "top": "1",
                            "right": "0",
                            "bottom": "0",
                            "left": "0",
                            "isLinked": ""
                        },
                        "padding": {
                            "unit": "px",
                            "top": "120",
                            "right": "0",
                            "bottom": "10",
                            "left": "0",
                            "isLinked": ""
                        },
                        "__globals__": {
                            "border_color": "globals\/colors?id=1104bac"
                        },
                        "align": "center",
                        "margin": {
                            "unit": "px",
                            "top": "0",
                            "right": "10",
                            "bottom": "0",
                            "left": "10",
                            "isLinked": ""
                        },
                        "margin_mobile": {
                            "unit": "px",
                            "top": "0",
                            "right": "0",
                            "bottom": "0",
                            "left": "0",
                            "isLinked": ""
                        },
                        "padding_tablet": {
                            "unit": "px",
                            "top": "100",
                            "right": "0",
                            "bottom": "0",
                            "left": "0",
                            "isLinked": ""
                        }
                    },
                    "elements": [
                        {
                            "id": "5fdb7515",
                            "settings": {
                                "title": "Latest blog &amp; articles",
                                "align": "center",
                                "__globals__": {
                                    "typography_typography": "globals\/typography?id=secondary",
                                    "title_color": "globals\/colors?id=primary"
                                },
                                "title_color": "#0C2A52"
                            },
                            "elements": [],
                            "isInner": false,
                            "widgetType": "heading",
                            "elType": "widget"
                        },
                        {
                            "id": "197f6bb9",
                            "settings": {
                                "editor": "Adipiscing elit sed do eiusmod tempor incididunt ut labore et dolore magna aliqua. Enim minim veniam quis nostrud exercitation",
                                "_element_width": "initial",
                                "_element_custom_width": {
                                    "unit": "px",
                                    "size": "524",
                                    "sizes": []
                                },
                                "align": "center"
                            },
                            "elements": [],
                            "isInner": false,
                            "widgetType": "text-editor",
                            "elType": "widget"
                        },
                        {
                            "id": "67f147e8",
                            "settings": {
                                "sg_content_postblock_type": "type-3",
                                "sg_content_image_size_imagesize_size": "full",
                                "sg_content_column_responsive": {
                                    "unit": "px",
                                    "size": "3",
                                    "sizes": []
                                },
                                "sg_content_excerpt_length": {
                                    "unit": "px",
                                    "size": "13",
                                    "sizes": []
                                },
                                "sg_content_excerpt_more": "...",
                                "sg_content_readmore_enable": "",
                                "sg_content_readmore_text": "Read More",
                                "sg_content_comment_enable": "",
                                "sg_content_meta_enable": "",
                                "sg_content_meta_author_by_text": "by",
                                "sg_content_meta_date_format_custom": "F j, Y",
                                "pagination_prev_text": "Previous",
                                "pagination_next_text": "Next",
                                "pagination_loadmore_text": "Load More",
                                "pagination_loading_text": "Loading...",
                                "st_thumbnail_container_height_responsive": {
                                    "unit": "px",
                                    "size": "346",
                                    "sizes": []
                                },
                                "st_thumbnail_container_border_radius_responsive": {
                                    "unit": "px",
                                    "top": "10",
                                    "right": "10",
                                    "bottom": "10",
                                    "left": "10",
                                    "isLinked": "1"
                                },
                                "st_nocontent_text": "No Content Available",
                                "__globals__": {
                                    "st_title_normal_typography_content_typography_typography": "globals\/typography?id=db206f4",
                                    "st_title_normal_color_responsive": "globals\/colors?id=primary",
                                    "st_title_hover_color_responsive": "globals\/colors?id=accent",
                                    "st_excerpt_typography_content_typography_typography": "globals\/typography?id=text",
                                    "st_excerpt_color_responsive": "globals\/colors?id=text",
                                    "st_readmore_typography_content_typography_typography": "globals\/typography?id=1da9dae",
                                    "st_category_typography_content_typography_typography": "globals\/typography?id=9e7e276",
                                    "st_category_background_background_color": "globals\/colors?id=5d457a5",
                                    "st_category_color_responsive": "globals\/colors?id=primary"
                                },
                                "st_category_position": "left",
                                "st_category_padding_responsive": {
                                    "unit": "px",
                                    "top": "12",
                                    "right": "16",
                                    "bottom": "12",
                                    "left": "16",
                                    "isLinked": ""
                                },
                                "st_category_margin_responsive": {
                                    "unit": "px",
                                    "top": "0",
                                    "right": "0",
                                    "bottom": "20",
                                    "left": "20",
                                    "isLinked": ""
                                },
                                "st_category_border_radius_responsive": {
                                    "unit": "px",
                                    "top": "5",
                                    "right": "5",
                                    "bottom": "5",
                                    "left": "5",
                                    "isLinked": "1"
                                },
                                "st_category_background_background_background": "classic",
                                "st_post_item_gap_responsive": {
                                    "unit": "px",
                                    "size": "30",
                                    "sizes": []
                                },
                                "st_post_item_margin_responsive": {
                                    "unit": "px",
                                    "top": "0",
                                    "right": "0",
                                    "bottom": "0",
                                    "left": "0",
                                    "isLinked": ""
                                },
                                "_margin": {
                                    "unit": "px",
                                    "top": "60",
                                    "right": "0",
                                    "bottom": "0",
                                    "left": "0",
                                    "isLinked": ""
                                },
                                "st_post_item_margin_responsive_tablet": {
                                    "unit": "px",
                                    "top": "0",
                                    "right": "0",
                                    "bottom": "30",
                                    "left": "0",
                                    "isLinked": ""
                                },
                                "st_post_item_margin_responsive_mobile": {
                                    "unit": "px",
                                    "top": "0",
                                    "right": "0",
                                    "bottom": "20",
                                    "left": "0",
                                    "isLinked": ""
                                },
                                "st_thumbnail_container_height_responsive_tablet": {
                                    "unit": "px",
                                    "size": "480",
                                    "sizes": []
                                },
                                "st_thumbnail_container_height_responsive_mobile": {
                                    "unit": "px",
                                    "size": "260",
                                    "sizes": []
                                },
                                "_margin_mobile": {
                                    "unit": "px",
                                    "top": "40",
                                    "right": "0",
                                    "bottom": "0",
                                    "left": "0",
                                    "isLinked": ""
                                },
                                "st_category_padding_responsive_mobile": {
                                    "unit": "px",
                                    "top": "10",
                                    "right": "12",
                                    "bottom": "10",
                                    "left": "12",
                                    "isLinked": ""
                                }
                            },
                            "elements": [],
                            "isInner": false,
                            "widgetType": "jkit_post_block",
                            "elType": "widget"
                        }
                    ],
                    "isInner": "",
                    "elType": "column"
                }
            ],
            "isInner": "",
            "elType": "section"
        }
    ]
}