[
  {  
    "title": "01.Create account",
    "desc": "There are many variations of passages of Lorem Ipsum available, but the majority have suffered alteration in some form"
  },
  {
    "title": "02. Install tracking",
    "desc": "There are many variations of passages of Lorem Ipsum available, but the majority have suffered alteration in some form"
  },
  {
     "title": "03. Track analytics",
    "desc": "There are many variations of passages of Lorem Ipsum available, but the majority have suffered alteration in some form"
  },
  {
    "title": "04. Integrate",
   "desc": "There are many variations of passages of Lorem Ipsum available, but the majority have suffered alteration in some form"
 }  
]
