[
  {
    "image": "/assets/images/home-3/hero-thum.png",
    "subTitle": "BEST IT SOLUTION PROVIDER",
    "title": "Elevate Your <span>Business</span> with IT Excellence",
    "desc": "We have been operating for over a decade prvid have beens" 
  },
  {
    "image": "/assets/images/home-3/hero-thum2.png",
    "subTitle": "BEST IT SOLUTION PROVIDER",
    "title": "Elevate Your <span>Business</span> with IT Excellence",
    "desc": "We have been operating for over a decade prvid have beens" 
  }
]
