[
  {
    "category": "Business",
    "date": "June 18, 2024",
    "title": "What is a good solution for finance apps?",
    "image": "/images/blog/blog1.png",
    "link": ""
  },
  {
    "category": "Technology",
    "date": "June 18, 2024",
    "title": "What makes banking app development ideal?",
    "image": "/images/blog/blog2.png",
    "link": ""
  },
  {
    "category": "Management",
    "date": "June 18, 2024",
    "title": "Finance apps that will help you make money!",
    "image": "/images/blog/blog3.png",
    "link": ""
  }
]
