[
  {
    "title": "Career growth",
    "description": "Career growth encompasses all the step an employee takes.",
    "icon": "/images/team/icon1.png"
  },
  {
    "title": "Remote & friendly",
    "description": "We allows employees to work outside of the corporate office.",
    "icon": "/images/team/icon2.png"
  },
  {
    "title": "Flexible hours",
    "description": "Having flexible working hours, our employees can start work.",
    "icon": "/images/team/icon3.png"
  },
  {
    "title": "Inclusive culture",
    "description": "Be part of a diverse & inclusive workforce with environment.",
    "icon": "/images/team/icon4.png"
  },
  {
    "title": "Medical insurance",
    "description": "We offer an attractive plan for health insurance for all.",
    "icon": "/images/team/icon5.png"
  },
  {
    "title": "Cutting-edge technology",
    "description": "We work with the latest tools, technologies, and frameworks.",
    "icon": "/images/team/icon6.png"
  }
]
