[
  {
    "name": "Google",
    "category": "Productivity",
    "description": "Google offers a comprehensive set of core integration tools to connect & manage the multitude operation.",
    "link": "",
    "icon": "/images/tools/google.png"
  },
  {
    "name": "Mailchimp",
    "category": "CRM",
    "description": "Manually connect your website to Mailchimp, or add our code to a website builder, and you can add.",
    "link": "",
    "icon": "/images/tools/mailchimp.png"
  },
  {
    "name": "Discord",
    "category": "Social Media",
    "description": "Discord integration allows users to send form responses to a shared discord channel.",
    "link": "",
    "icon": "/images/tools/discord.png"
  },
  {
    "name": "LinkedIn",
    "category": "Social Media",
    "description": "Automatically pull info from Twitter, WordPress, and other apps to post company updates or share a post.",
    "link": "",
    "icon": "/images/tools/linkedIn.png"
  },
  {
    "name": "Zapier",
    "category": "Social Media",
    "description": "Zapier is an online automation tool that connects your apps & service. You can connect two or more app.",
    "link": "",
    "icon": "/images/tools/zapier.png"
  },
  {
    "name": "Slack",
    "category": "CRM",
    "description": "Slack integrations are variants of a tool or product that are directly accessible via Slack.",
    "link": "",
    "icon": "/images/tools/slack.png"
  },
  {
    "name": "Facebook",
    "category": "Social Media",
    "description": "Facebook integration is connection between and a Facebook app or product and another external app.",
    "link": "",
    "icon": "/images/tools/fb.png"
  },
  {
    "name": "Twitter",
    "category": "Social Media",
    "description": "Twitter allows access to part of our service via APIs to allow people to build software that integrate.",
    "link": "",
    "icon": "/images/tools/twitter.png"
  },
  {
    "name": "Youtube",
    "category": "Streaming",
    "description": "YouTube is a video sharing platform allowing user to upload, view, share, add to playlist, comment.",
    "link": "",
    "icon": "/images/tools/youtube.png"
  }
]
