{
    "version": "0.4",
    "title": "404",
    "type": "page",
    "metadata": {
        "template_type": "single-page",
        "include_in_zip": "1",
        "elementor_pro_required": null,
        "wp_page_template": "elementor_header_footer"
    },
    "content": [
        {
            "id": "a05a9a",
            "settings": {
                "flex_direction": "row",
                "flex_direction_mobile": "column",
                "background_background": "classic",
                "background_color_stop": {
                    "unit": "%",
                    "size": 2,
                    "sizes": []
                },
                "background_color_b": "",
                "background_color_b_stop": {
                    "unit": "%",
                    "size": 27,
                    "sizes": []
                },
                "background_gradient_angle": {
                    "unit": "deg",
                    "size": 120,
                    "sizes": []
                },
                "margin": {
                    "unit": "px",
                    "top": "0",
                    "right": "0",
                    "bottom": "0",
                    "left": "0",
                    "isLinked": false
                },
                "padding": {
                    "unit": "px",
                    "top": "270",
                    "right": "40",
                    "bottom": "160",
                    "left": "40",
                    "isLinked": false
                },
                "padding_tablet": {
                    "unit": "px",
                    "top": "180",
                    "right": "30",
                    "bottom": "180",
                    "left": "30",
                    "isLinked": false
                },
                "padding_mobile": {
                    "unit": "px",
                    "top": "200",
                    "right": "20",
                    "bottom": "160",
                    "left": "20",
                    "isLinked": false
                },
                "flex_justify_content": "center",
                "flex_align_items": "center",
                "background_image": {
                    "url": "https:\/\/kitpro.site\/coworking\/wp-content\/uploads\/sites\/296\/2024\/12\/background-1-1.png",
                    "id": 1055,
                    "size": "",
                    "alt": "",
                    "source": "library"
                },
                "background_position": "center center",
                "background_repeat": "no-repeat",
                "background_size": "cover",
                "border_radius": {
                    "unit": "px",
                    "top": "0",
                    "right": "0",
                    "bottom": "0",
                    "left": "0",
                    "isLinked": false
                },
                "border_radius_mobile": {
                    "unit": "px",
                    "top": "0",
                    "right": "0",
                    "bottom": "0",
                    "left": "0",
                    "isLinked": false
                }
            },
            "elements": [
                {
                    "id": "6c1bcd9d",
                    "settings": {
                        "content_width": "full",
                        "width": {
                            "unit": "%",
                            "size": 90,
                            "sizes": []
                        },
                        "border_width": {
                            "unit": "px",
                            "top": "0",
                            "right": "1",
                            "bottom": "0",
                            "left": "0",
                            "isLinked": false
                        },
                        "border_color": "#FFFFFF4D",
                        "margin": {
                            "unit": "px",
                            "top": "0",
                            "right": "0",
                            "bottom": "0",
                            "left": "0",
                            "isLinked": false
                        },
                        "padding": {
                            "unit": "px",
                            "top": "0",
                            "right": "0",
                            "bottom": "0",
                            "left": "0",
                            "isLinked": false
                        },
                        "width_tablet": {
                            "unit": "%",
                            "size": 90,
                            "sizes": []
                        },
                        "width_mobile": {
                            "unit": "%",
                            "size": "",
                            "sizes": []
                        },
                        "border_width_mobile": {
                            "unit": "px",
                            "top": "0",
                            "right": "0",
                            "bottom": "0",
                            "left": "0",
                            "isLinked": false
                        },
                        "padding_mobile": {
                            "unit": "px",
                            "top": "0",
                            "right": "0",
                            "bottom": "0",
                            "left": "0",
                            "isLinked": false
                        },
                        "flex_align_items": "center",
                        "margin_tablet": {
                            "unit": "px",
                            "top": "45",
                            "right": "0",
                            "bottom": "0",
                            "left": "0",
                            "isLinked": false
                        },
                        "margin_mobile": {
                            "unit": "px",
                            "top": "0",
                            "right": "0",
                            "bottom": "0",
                            "left": "0",
                            "isLinked": false
                        }
                    },
                    "elements": [
                        {
                            "id": "6a568bbe",
                            "settings": {
                                "selected_icon": {
                                    "value": "fas fa-exclamation-circle",
                                    "library": "fa-solid"
                                },
                                "size": {
                                    "unit": "px",
                                    "size": 27,
                                    "sizes": []
                                },
                                "_margin": {
                                    "unit": "px",
                                    "top": "43",
                                    "right": "-79",
                                    "bottom": "-100",
                                    "left": "0",
                                    "isLinked": false
                                },
                                "_padding": {
                                    "unit": "px",
                                    "top": "0",
                                    "right": "0",
                                    "bottom": "0",
                                    "left": "0",
                                    "isLinked": false
                                },
                                "_z_index": 1,
                                "__globals__": {
                                    "primary_color": "globals\/colors?id=ade2610"
                                },
                                "_margin_mobile": {
                                    "unit": "px",
                                    "top": "30",
                                    "right": "-49",
                                    "bottom": "-61",
                                    "left": "0",
                                    "isLinked": false
                                }
                            },
                            "elements": [],
                            "isInner": false,
                            "widgetType": "icon",
                            "elType": "widget"
                        },
                        {
                            "id": "3bfd942a",
                            "settings": {
                                "sg_title_before": "",
                                "sg_title_focused": "404",
                                "sg_title_text": "Trending Stories And Another Stories",
                                "sg_title_border_enable": "",
                                "sg_title_float_left": "",
                                "sg_subtitle_heading": "Lorem ipsum dolor set amet",
                                "sg_shadow_content": "news",
                                "sg_separator_enable": "",
                                "st_focused_typography_content_typography_typography": "custom",
                                "st_focused_typography_content_typography_font_family": "Exo",
                                "st_focused_typography_content_typography_font_size": {
                                    "unit": "em",
                                    "size": 1,
                                    "sizes": []
                                },
                                "st_focused_typography_content_typography_font_size_tablet": {
                                    "unit": "em",
                                    "size": "",
                                    "sizes": []
                                },
                                "st_focused_typography_content_typography_font_size_mobile": {
                                    "unit": "em",
                                    "size": "",
                                    "sizes": []
                                },
                                "st_focused_typography_content_typography_font_weight": "500",
                                "st_focused_typography_content_typography_line_height": {
                                    "unit": "em",
                                    "size": 1.1,
                                    "sizes": []
                                },
                                "st_general_alignment_responsive_mobile": "center",
                                "__globals__": {
                                    "st_title_typography_content_typography_typography": "globals\/typography?id=4e9ce39",
                                    "st_title_color_responsive": "globals\/colors?id=primary",
                                    "st_focused_color_responsive": "globals\/colors?id=accent"
                                },
                                "st_general_alignment_responsive": "center",
                                "sg_title_after": " ",
                                "st_title_color_responsive": "#FFFFFF",
                                "st_focused_color_responsive": "#1C9A92",
                                "_margin": {
                                    "unit": "px",
                                    "top": "0",
                                    "right": "0",
                                    "bottom": "-20",
                                    "left": "0",
                                    "isLinked": false
                                },
                                "_padding": {
                                    "unit": "px",
                                    "top": "0",
                                    "right": "0",
                                    "bottom": "0",
                                    "left": "0",
                                    "isLinked": false
                                },
                                "_background_color_stop_tablet": {
                                    "unit": "%",
                                    "size": "",
                                    "sizes": []
                                },
                                "_background_color_stop_mobile": {
                                    "unit": "%",
                                    "size": "",
                                    "sizes": []
                                },
                                "_background_color_b_stop_tablet": {
                                    "unit": "%",
                                    "size": "",
                                    "sizes": []
                                },
                                "_background_color_b_stop_mobile": {
                                    "unit": "%",
                                    "size": "",
                                    "sizes": []
                                },
                                "_background_gradient_angle_tablet": {
                                    "unit": "deg",
                                    "size": "",
                                    "sizes": []
                                },
                                "_background_gradient_angle_mobile": {
                                    "unit": "deg",
                                    "size": "",
                                    "sizes": []
                                },
                                "_background_gradient_position_tablet": "center center",
                                "_background_gradient_position_mobile": "center center",
                                "_background_hover_color_stop_tablet": {
                                    "unit": "%",
                                    "size": "",
                                    "sizes": []
                                },
                                "_background_hover_color_stop_mobile": {
                                    "unit": "%",
                                    "size": "",
                                    "sizes": []
                                },
                                "_background_hover_color_b_stop_tablet": {
                                    "unit": "%",
                                    "size": "",
                                    "sizes": []
                                },
                                "_background_hover_color_b_stop_mobile": {
                                    "unit": "%",
                                    "size": "",
                                    "sizes": []
                                },
                                "_background_hover_gradient_angle_tablet": {
                                    "unit": "deg",
                                    "size": "",
                                    "sizes": []
                                },
                                "_background_hover_gradient_angle_mobile": {
                                    "unit": "deg",
                                    "size": "",
                                    "sizes": []
                                },
                                "_background_hover_gradient_position_tablet": "center center",
                                "_background_hover_gradient_position_mobile": "center center"
                            },
                            "elements": [],
                            "isInner": false,
                            "widgetType": "jkit_heading",
                            "elType": "widget"
                        },
                        {
                            "id": "1184d8f4",
                            "settings": {
                                "title": "Oopss, Page Not Found!",
                                "align": "center",
                                "__globals__": {
                                    "title_color": "globals\/colors?id=primary",
                                    "typography_typography": ""
                                },
                                "header_size": "h3",
                                "title_color": "#FFFFFF",
                                "typography_font_family": "Exo",
                                "typography_font_size": {
                                    "unit": "em",
                                    "size": 2,
                                    "sizes": []
                                },
                                "typography_font_size_tablet": {
                                    "unit": "em",
                                    "size": 1.4,
                                    "sizes": []
                                },
                                "typography_font_size_mobile": {
                                    "unit": "em",
                                    "size": 1.5,
                                    "sizes": []
                                },
                                "typography_font_weight": "500",
                                "typography_line_height": {
                                    "unit": "em",
                                    "size": 1.3,
                                    "sizes": []
                                },
                                "typography_line_height_tablet": {
                                    "unit": "em",
                                    "size": 1.3,
                                    "sizes": []
                                },
                                "typography_line_height_mobile": {
                                    "unit": "em",
                                    "size": 1.3,
                                    "sizes": []
                                }
                            },
                            "elements": [],
                            "isInner": false,
                            "widgetType": "heading",
                            "elType": "widget"
                        },
                        {
                            "id": "3411a21e",
                            "settings": {
                                "align": "center",
                                "_margin": {
                                    "unit": "px",
                                    "top": "0",
                                    "right": "0",
                                    "bottom": "30",
                                    "left": "0",
                                    "isLinked": false
                                },
                                "_padding": {
                                    "unit": "px",
                                    "top": "0",
                                    "right": "250",
                                    "bottom": "0",
                                    "left": "250",
                                    "isLinked": false
                                },
                                "__globals__": {
                                    "text_color": "globals\/colors?id=primary",
                                    "typography_typography": ""
                                },
                                "_padding_tablet": {
                                    "unit": "px",
                                    "top": "0",
                                    "right": "0",
                                    "bottom": "0",
                                    "left": "0",
                                    "isLinked": false
                                },
                                "_background_color_stop_tablet": {
                                    "unit": "%",
                                    "size": "",
                                    "sizes": []
                                },
                                "_background_color_stop_mobile": {
                                    "unit": "%",
                                    "size": "",
                                    "sizes": []
                                },
                                "_background_color_b_stop_tablet": {
                                    "unit": "%",
                                    "size": "",
                                    "sizes": []
                                },
                                "_background_color_b_stop_mobile": {
                                    "unit": "%",
                                    "size": "",
                                    "sizes": []
                                },
                                "_background_gradient_angle_tablet": {
                                    "unit": "deg",
                                    "size": "",
                                    "sizes": []
                                },
                                "_background_gradient_angle_mobile": {
                                    "unit": "deg",
                                    "size": "",
                                    "sizes": []
                                },
                                "_background_gradient_position_tablet": "center center",
                                "_background_gradient_position_mobile": "center center",
                                "_background_hover_color_stop_tablet": {
                                    "unit": "%",
                                    "size": "",
                                    "sizes": []
                                },
                                "_background_hover_color_stop_mobile": {
                                    "unit": "%",
                                    "size": "",
                                    "sizes": []
                                },
                                "_background_hover_color_b_stop_tablet": {
                                    "unit": "%",
                                    "size": "",
                                    "sizes": []
                                },
                                "_background_hover_color_b_stop_mobile": {
                                    "unit": "%",
                                    "size": "",
                                    "sizes": []
                                },
                                "_background_hover_gradient_angle_tablet": {
                                    "unit": "deg",
                                    "size": "",
                                    "sizes": []
                                },
                                "_background_hover_gradient_angle_mobile": {
                                    "unit": "deg",
                                    "size": "",
                                    "sizes": []
                                },
                                "_background_hover_gradient_position_tablet": "center center",
                                "_background_hover_gradient_position_mobile": "center center",
                                "text_color": "#FFFFFF",
                                "typography_font_family": "Roboto",
                                "typography_font_size": {
                                    "unit": "em",
                                    "size": 1.1,
                                    "sizes": []
                                },
                                "typography_font_size_tablet": {
                                    "unit": "em",
                                    "size": 1,
                                    "sizes": []
                                },
                                "typography_font_size_mobile": {
                                    "unit": "em",
                                    "size": 1,
                                    "sizes": []
                                },
                                "typography_font_weight": "400",
                                "typography_line_height": {
                                    "unit": "em",
                                    "size": 1.3,
                                    "sizes": []
                                },
                                "typography_line_height_tablet": {
                                    "unit": "em",
                                    "size": 1.2,
                                    "sizes": []
                                },
                                "typography_line_height_mobile": {
                                    "unit": "em",
                                    "size": 1.2,
                                    "sizes": []
                                }
                            },
                            "elements": [],
                            "isInner": false,
                            "widgetType": "text-editor",
                            "elType": "widget"
                        },
                        {
                            "id": "331b9a71",
                            "settings": {
                                "text": "Back Home",
                                "selected_icon": {
                                    "value": "far fa-arrow-alt-circle-right",
                                    "library": "fa-regular"
                                },
                                "icon_align": "row-reverse",
                                "icon_indent": {
                                    "unit": "px",
                                    "size": 15,
                                    "sizes": []
                                },
                                "align": "center",
                                "__globals__": {
                                    "hover_color": "globals\/colors?id=primary",
                                    "button_hover_border_color": "globals\/colors?id=primary"
                                }
                            },
                            "elements": [],
                            "isInner": false,
                            "widgetType": "button",
                            "elType": "widget"
                        }
                    ],
                    "isInner": true,
                    "elType": "container"
                }
            ],
            "isInner": false,
            "elType": "container"
        }
    ]
}