{
    "version": "0.4",
    "title": "Contact Us",
    "type": "page",
    "metadata": {
        "template_type": "single-page",
        "include_in_zip": "1",
        "elementor_pro_required": null,
        "wp_page_template": "elementor_header_footer"
    },
    "content": [
        {
            "id": "7129626",
            "settings": {
                "flex_direction": "row",
                "flex_direction_mobile": "column",
                "background_background": "classic",
                "background_color_stop": {
                    "unit": "%",
                    "size": 2,
                    "sizes": []
                },
                "background_color_b": "",
                "background_color_b_stop": {
                    "unit": "%",
                    "size": 27,
                    "sizes": []
                },
                "background_gradient_angle": {
                    "unit": "deg",
                    "size": 120,
                    "sizes": []
                },
                "margin": {
                    "unit": "px",
                    "top": "0",
                    "right": "0",
                    "bottom": "0",
                    "left": "0",
                    "isLinked": false
                },
                "padding": {
                    "unit": "px",
                    "top": "270",
                    "right": "40",
                    "bottom": "160",
                    "left": "40",
                    "isLinked": false
                },
                "padding_tablet": {
                    "unit": "px",
                    "top": "180",
                    "right": "30",
                    "bottom": "120",
                    "left": "30",
                    "isLinked": false
                },
                "padding_mobile": {
                    "unit": "px",
                    "top": "200",
                    "right": "20",
                    "bottom": "160",
                    "left": "20",
                    "isLinked": false
                },
                "flex_justify_content": "center",
                "flex_align_items": "center",
                "background_image": {
                    "url": "https:\/\/kitpro.site\/coworking\/wp-content\/uploads\/sites\/296\/2024\/12\/background-1-1.png",
                    "id": 1055,
                    "size": "",
                    "alt": "",
                    "source": "library"
                },
                "background_position": "center center",
                "background_repeat": "no-repeat",
                "background_size": "cover",
                "border_radius": {
                    "unit": "px",
                    "top": "0",
                    "right": "0",
                    "bottom": "0",
                    "left": "75",
                    "isLinked": false
                },
                "border_radius_mobile": {
                    "unit": "px",
                    "top": "0",
                    "right": "0",
                    "bottom": "0",
                    "left": "0",
                    "isLinked": false
                }
            },
            "elements": [
                {
                    "id": "4ecf650c",
                    "settings": {
                        "content_width": "full",
                        "width": {
                            "unit": "%",
                            "size": 90,
                            "sizes": []
                        },
                        "border_width": {
                            "unit": "px",
                            "top": "0",
                            "right": "1",
                            "bottom": "0",
                            "left": "0",
                            "isLinked": false
                        },
                        "border_color": "#FFFFFF4D",
                        "margin": {
                            "unit": "px",
                            "top": "0",
                            "right": "0",
                            "bottom": "0",
                            "left": "0",
                            "isLinked": false
                        },
                        "padding": {
                            "unit": "px",
                            "top": "0",
                            "right": "0",
                            "bottom": "0",
                            "left": "0",
                            "isLinked": false
                        },
                        "width_tablet": {
                            "unit": "%",
                            "size": 90,
                            "sizes": []
                        },
                        "width_mobile": {
                            "unit": "%",
                            "size": "",
                            "sizes": []
                        },
                        "border_width_mobile": {
                            "unit": "px",
                            "top": "0",
                            "right": "0",
                            "bottom": "0",
                            "left": "0",
                            "isLinked": false
                        },
                        "padding_mobile": {
                            "unit": "px",
                            "top": "0",
                            "right": "0",
                            "bottom": "0",
                            "left": "0",
                            "isLinked": false
                        },
                        "margin_tablet": {
                            "unit": "px",
                            "top": "45",
                            "right": "0",
                            "bottom": "0",
                            "left": "0",
                            "isLinked": false
                        },
                        "margin_mobile": {
                            "unit": "px",
                            "top": "0",
                            "right": "0",
                            "bottom": "0",
                            "left": "0",
                            "isLinked": false
                        }
                    },
                    "elements": [
                        {
                            "id": "113ff2ea",
                            "settings": {
                                "sg_title_before": "",
                                "sg_title_focused": "Contact ",
                                "sg_title_text": "Trending Stories And Another Stories",
                                "sg_title_border_enable": "",
                                "sg_title_float_left": "",
                                "sg_subtitle_heading": "Lorem ipsum dolor set amet",
                                "sg_shadow_content": "news",
                                "sg_separator_enable": "",
                                "st_focused_typography_content_typography_typography": "custom",
                                "st_focused_typography_content_typography_font_family": "Exo",
                                "st_focused_typography_content_typography_font_size": {
                                    "unit": "em",
                                    "size": 1,
                                    "sizes": []
                                },
                                "st_focused_typography_content_typography_font_size_tablet": {
                                    "unit": "em",
                                    "size": "",
                                    "sizes": []
                                },
                                "st_focused_typography_content_typography_font_size_mobile": {
                                    "unit": "em",
                                    "size": "",
                                    "sizes": []
                                },
                                "st_focused_typography_content_typography_font_weight": "500",
                                "st_focused_typography_content_typography_line_height": {
                                    "unit": "em",
                                    "size": 1.1,
                                    "sizes": []
                                },
                                "st_general_alignment_responsive_mobile": "center",
                                "__globals__": {
                                    "st_title_typography_content_typography_typography": "globals\/typography?id=bfd1ebc",
                                    "st_title_color_responsive": "globals\/colors?id=primary",
                                    "st_focused_color_responsive": "globals\/colors?id=accent"
                                },
                                "st_general_alignment_responsive": "center",
                                "sg_title_after": " Us",
                                "_margin_tablet": {
                                    "unit": "px",
                                    "top": "0",
                                    "right": "0",
                                    "bottom": "-18",
                                    "left": "0",
                                    "isLinked": false
                                }
                            },
                            "elements": [],
                            "isInner": false,
                            "widgetType": "jkit_heading",
                            "elType": "widget"
                        },
                        {
                            "id": "6bd50561",
                            "settings": {
                                "align": "center",
                                "_margin": {
                                    "unit": "px",
                                    "top": "0",
                                    "right": "0",
                                    "bottom": "0",
                                    "left": "0",
                                    "isLinked": false
                                },
                                "_padding": {
                                    "unit": "px",
                                    "top": "0",
                                    "right": "250",
                                    "bottom": "0",
                                    "left": "250",
                                    "isLinked": false
                                },
                                "__globals__": {
                                    "text_color": "globals\/colors?id=primary",
                                    "typography_typography": ""
                                },
                                "_padding_tablet": {
                                    "unit": "px",
                                    "top": "0",
                                    "right": "0",
                                    "bottom": "0",
                                    "left": "0",
                                    "isLinked": false
                                },
                                "text_color": "#FFFFFF",
                                "typography_font_family": "Roboto",
                                "typography_font_size": {
                                    "unit": "em",
                                    "size": 1.1,
                                    "sizes": []
                                },
                                "typography_font_size_tablet": {
                                    "unit": "em",
                                    "size": 1,
                                    "sizes": []
                                },
                                "typography_font_size_mobile": {
                                    "unit": "em",
                                    "size": 1,
                                    "sizes": []
                                },
                                "typography_font_weight": "400",
                                "typography_line_height": {
                                    "unit": "em",
                                    "size": 1.3,
                                    "sizes": []
                                },
                                "typography_line_height_tablet": {
                                    "unit": "em",
                                    "size": 1.2,
                                    "sizes": []
                                },
                                "typography_line_height_mobile": {
                                    "unit": "em",
                                    "size": 1.2,
                                    "sizes": []
                                }
                            },
                            "elements": [],
                            "isInner": false,
                            "widgetType": "text-editor",
                            "elType": "widget"
                        }
                    ],
                    "isInner": true,
                    "elType": "container"
                }
            ],
            "isInner": false,
            "elType": "container"
        },
        {
            "id": "40be9e27",
            "settings": {
                "flex_direction": "row",
                "margin": {
                    "unit": "px",
                    "top": "0",
                    "right": "0",
                    "bottom": "0",
                    "left": "0",
                    "isLinked": false
                },
                "padding": {
                    "unit": "px",
                    "top": "120",
                    "right": "0",
                    "bottom": "120",
                    "left": "0",
                    "isLinked": false
                },
                "padding_tablet": {
                    "unit": "px",
                    "top": "120",
                    "right": "30",
                    "bottom": "120",
                    "left": "30",
                    "isLinked": false
                },
                "padding_mobile": {
                    "unit": "px",
                    "top": "120",
                    "right": "20",
                    "bottom": "120",
                    "left": "20",
                    "isLinked": false
                },
                "flex_justify_content": "center",
                "flex_direction_mobile": "column-reverse"
            },
            "elements": [
                {
                    "id": "e41b217",
                    "settings": {
                        "content_width": "full",
                        "width": {
                            "unit": "%",
                            "size": 65,
                            "sizes": []
                        },
                        "margin": {
                            "unit": "px",
                            "top": "0",
                            "right": "0",
                            "bottom": "0",
                            "left": "0",
                            "isLinked": false
                        },
                        "padding": {
                            "unit": "px",
                            "top": "60",
                            "right": "260",
                            "bottom": "60",
                            "left": "50",
                            "isLinked": false
                        },
                        "margin_tablet": {
                            "unit": "px",
                            "top": "0",
                            "right": "0",
                            "bottom": "0",
                            "left": "0",
                            "isLinked": false
                        },
                        "width_tablet": {
                            "unit": "%",
                            "size": 80,
                            "sizes": []
                        },
                        "width_mobile": {
                            "unit": "%",
                            "size": "",
                            "sizes": []
                        },
                        "background_background": "classic",
                        "border_radius": {
                            "unit": "px",
                            "top": "30",
                            "right": "30",
                            "bottom": "30",
                            "left": "30",
                            "isLinked": true
                        },
                        "__globals__": {
                            "background_color": "globals\/colors?id=8588069"
                        },
                        "padding_tablet": {
                            "unit": "px",
                            "top": "50",
                            "right": "92",
                            "bottom": "30",
                            "left": "30",
                            "isLinked": false
                        },
                        "padding_mobile": {
                            "unit": "px",
                            "top": "30",
                            "right": "20",
                            "bottom": "30",
                            "left": "20",
                            "isLinked": false
                        }
                    },
                    "elements": [
                        {
                            "id": "58d76db9",
                            "settings": {
                                "sg_title_before": "Got ",
                                "sg_title_focused": "Questions? ",
                                "sg_title_text": "Trending Stories And Another Stories",
                                "sg_title_border_enable": "",
                                "sg_title_float_left": "",
                                "sg_subtitle_heading": "Lorem ipsum dolor set amet",
                                "sg_shadow_content": "news",
                                "sg_separator_enable": "",
                                "st_focused_typography_content_typography_typography": "custom",
                                "st_focused_typography_content_typography_font_family": "Exo",
                                "st_focused_typography_content_typography_font_size": {
                                    "unit": "em",
                                    "size": 1,
                                    "sizes": []
                                },
                                "st_focused_typography_content_typography_font_size_tablet": {
                                    "unit": "em",
                                    "size": "",
                                    "sizes": []
                                },
                                "st_focused_typography_content_typography_font_size_mobile": {
                                    "unit": "em",
                                    "size": "",
                                    "sizes": []
                                },
                                "st_focused_typography_content_typography_font_weight": "500",
                                "st_focused_typography_content_typography_line_height": {
                                    "unit": "em",
                                    "size": 1.1,
                                    "sizes": []
                                },
                                "st_general_alignment_responsive_mobile": "center",
                                "__globals__": {
                                    "st_title_typography_content_typography_typography": "",
                                    "st_title_color_responsive": "globals\/colors?id=secondary",
                                    "st_focused_color_responsive": "globals\/colors?id=accent"
                                },
                                "sg_title_after": " We're Here to Help!",
                                "_margin": {
                                    "unit": "px",
                                    "top": "0",
                                    "right": "0",
                                    "bottom": "0",
                                    "left": "0",
                                    "isLinked": false
                                },
                                "_margin_tablet": {
                                    "unit": "px",
                                    "top": "0",
                                    "right": "60",
                                    "bottom": "0",
                                    "left": "0",
                                    "isLinked": false
                                },
                                "_margin_mobile": {
                                    "unit": "px",
                                    "top": "0",
                                    "right": "0",
                                    "bottom": "0",
                                    "left": "0",
                                    "isLinked": false
                                },
                                "_padding": {
                                    "unit": "px",
                                    "top": "0",
                                    "right": "0",
                                    "bottom": "15",
                                    "left": "0",
                                    "isLinked": false
                                },
                                "sg_title_html_tag": "h4",
                                "st_title_typography_content_typography_font_family": "Exo",
                                "st_title_typography_content_typography_font_size": {
                                    "unit": "em",
                                    "size": 1.7,
                                    "sizes": []
                                },
                                "st_title_typography_content_typography_font_size_tablet": {
                                    "unit": "em",
                                    "size": 1.3,
                                    "sizes": []
                                },
                                "st_title_typography_content_typography_font_size_mobile": {
                                    "unit": "em",
                                    "size": 1.3,
                                    "sizes": []
                                },
                                "st_title_typography_content_typography_font_weight": "500",
                                "st_title_typography_content_typography_line_height": {
                                    "unit": "em",
                                    "size": 1.3,
                                    "sizes": []
                                },
                                "st_title_typography_content_typography_line_height_tablet": {
                                    "unit": "em",
                                    "size": 1.3,
                                    "sizes": []
                                },
                                "st_title_typography_content_typography_line_height_mobile": {
                                    "unit": "em",
                                    "size": 1.3,
                                    "sizes": []
                                },
                                "st_title_color_responsive": "#000000",
                                "st_focused_color_responsive": "#1C9A92"
                            },
                            "elements": [],
                            "isInner": false,
                            "widgetType": "jkit_heading",
                            "elType": "widget"
                        },
                        {
                            "id": "689c83da",
                            "settings": {
                                "mf_form_id": "1586***1734147821183",
                                "_margin": {
                                    "unit": "px",
                                    "top": "0",
                                    "right": "0",
                                    "bottom": "0",
                                    "left": "0",
                                    "isLinked": false
                                },
                                "_padding": {
                                    "unit": "px",
                                    "top": "0",
                                    "right": "0",
                                    "bottom": "0",
                                    "left": "0",
                                    "isLinked": false
                                }
                            },
                            "elements": [],
                            "isInner": false,
                            "widgetType": "metform",
                            "elType": "widget"
                        },
                        {
                            "id": "5d6221ce",
                            "settings": {
                                "content_width": "full",
                                "flex_direction": "row",
                                "flex_justify_content": "space-between",
                                "flex_align_items": "center",
                                "margin": {
                                    "unit": "px",
                                    "top": "30",
                                    "right": "0",
                                    "bottom": "0",
                                    "left": "0",
                                    "isLinked": false
                                },
                                "padding": {
                                    "unit": "px",
                                    "top": "0",
                                    "right": "40",
                                    "bottom": "0",
                                    "left": "0",
                                    "isLinked": false
                                },
                                "flex_wrap_mobile": "nowrap",
                                "margin_tablet": {
                                    "unit": "px",
                                    "top": "10",
                                    "right": "0",
                                    "bottom": "0",
                                    "left": "0",
                                    "isLinked": false
                                },
                                "margin_mobile": {
                                    "unit": "px",
                                    "top": "5",
                                    "right": "0",
                                    "bottom": "0",
                                    "left": "0",
                                    "isLinked": false
                                },
                                "padding_tablet": {
                                    "unit": "px",
                                    "top": "0",
                                    "right": "23",
                                    "bottom": "0",
                                    "left": "0",
                                    "isLinked": false
                                },
                                "padding_mobile": {
                                    "unit": "px",
                                    "top": "0",
                                    "right": "0",
                                    "bottom": "0",
                                    "left": "0",
                                    "isLinked": false
                                }
                            },
                            "elements": [
                                {
                                    "id": "1ad0b58c",
                                    "settings": {
                                        "title": "Social Media :",
                                        "header_size": "h5",
                                        "__globals__": {
                                            "typography_typography": "",
                                            "title_color": "globals\/colors?id=secondary"
                                        },
                                        "title_color": "#000000",
                                        "typography_font_family": "Exo",
                                        "typography_font_size": {
                                            "unit": "em",
                                            "size": 1.2,
                                            "sizes": []
                                        },
                                        "typography_font_size_tablet": {
                                            "unit": "em",
                                            "size": 1.2,
                                            "sizes": []
                                        },
                                        "typography_font_size_mobile": {
                                            "unit": "em",
                                            "size": 1.1,
                                            "sizes": []
                                        },
                                        "typography_font_weight": "500",
                                        "typography_line_height": {
                                            "unit": "em",
                                            "size": 1.3,
                                            "sizes": []
                                        },
                                        "typography_line_height_tablet": {
                                            "unit": "em",
                                            "size": 1.3,
                                            "sizes": []
                                        },
                                        "typography_line_height_mobile": {
                                            "unit": "em",
                                            "size": 1.3,
                                            "sizes": []
                                        }
                                    },
                                    "elements": [],
                                    "isInner": false,
                                    "widgetType": "heading",
                                    "elType": "widget"
                                },
                                {
                                    "id": "39b56daf",
                                    "settings": {
                                        "social_icon_list": [
                                            {
                                                "social_icon": {
                                                    "value": "fab fa-facebook",
                                                    "library": "fa-brands"
                                                },
                                                "_id": "c45f5ad"
                                            },
                                            {
                                                "social_icon": {
                                                    "value": "fab fa-twitter",
                                                    "library": "fa-brands"
                                                },
                                                "_id": "0012bcf"
                                            },
                                            {
                                                "social_icon": {
                                                    "value": "fab fa-youtube",
                                                    "library": "fa-brands"
                                                },
                                                "_id": "3cca1ff"
                                            }
                                        ],
                                        "shape": "circle",
                                        "icon_size": {
                                            "unit": "px",
                                            "size": 15,
                                            "sizes": []
                                        },
                                        "align": "",
                                        "icon_size_mobile": {
                                            "unit": "px",
                                            "size": 11,
                                            "sizes": []
                                        },
                                        "_margin_tablet": {
                                            "unit": "px",
                                            "top": "0",
                                            "right": "0",
                                            "bottom": "0",
                                            "left": "0",
                                            "isLinked": false
                                        },
                                        "_padding_tablet": {
                                            "unit": "px",
                                            "top": "0",
                                            "right": "0",
                                            "bottom": "0",
                                            "left": "0",
                                            "isLinked": false
                                        }
                                    },
                                    "elements": [],
                                    "isInner": false,
                                    "widgetType": "social-icons",
                                    "elType": "widget"
                                }
                            ],
                            "isInner": true,
                            "elType": "container"
                        }
                    ],
                    "isInner": true,
                    "elType": "container"
                },
                {
                    "id": "3ef458b5",
                    "settings": {
                        "content_width": "full",
                        "margin": {
                            "unit": "px",
                            "top": "51",
                            "right": "0",
                            "bottom": "50",
                            "left": "-225",
                            "isLinked": false
                        },
                        "padding": {
                            "unit": "px",
                            "top": "40",
                            "right": "40",
                            "bottom": "40",
                            "left": "40",
                            "isLinked": true
                        },
                        "width": {
                            "unit": "%",
                            "size": 53,
                            "sizes": []
                        },
                        "background_background": "classic",
                        "border_radius": {
                            "unit": "px",
                            "top": "25",
                            "right": "25",
                            "bottom": "25",
                            "left": "25",
                            "isLinked": true
                        },
                        "__globals__": {
                            "background_color": "globals\/colors?id=primary",
                            "border_color": "globals\/colors?id=accent"
                        },
                        "border_width": {
                            "unit": "px",
                            "top": "1",
                            "right": "1",
                            "bottom": "1",
                            "left": "1",
                            "isLinked": true
                        },
                        "box_shadow_box_shadow_type": "yes",
                        "box_shadow_box_shadow": {
                            "horizontal": 0,
                            "vertical": 0,
                            "blur": 40,
                            "spread": 0,
                            "color": "rgba(0, 0, 0, 0.25)"
                        },
                        "margin_mobile": {
                            "unit": "px",
                            "top": "0",
                            "right": "0",
                            "bottom": "0",
                            "left": "0",
                            "isLinked": false
                        },
                        "background_image": {
                            "url": "https:\/\/kitpro.site\/coworking\/wp-content\/uploads\/sites\/296\/2024\/12\/background-1-1.png",
                            "id": 1055,
                            "size": "",
                            "alt": "",
                            "source": "library"
                        },
                        "background_position": "center center",
                        "background_repeat": "no-repeat",
                        "background_size": "cover",
                        "margin_tablet": {
                            "unit": "px",
                            "top": "90",
                            "right": "0",
                            "bottom": "77",
                            "left": "-95",
                            "isLinked": false
                        },
                        "padding_tablet": {
                            "unit": "px",
                            "top": "30",
                            "right": "20",
                            "bottom": "30",
                            "left": "20",
                            "isLinked": false
                        }
                    },
                    "elements": [
                        {
                            "id": "dfb9326",
                            "settings": {
                                "content_width": "full",
                                "margin": {
                                    "unit": "px",
                                    "top": "0",
                                    "right": "0",
                                    "bottom": "25",
                                    "left": "0",
                                    "isLinked": false
                                },
                                "padding": {
                                    "unit": "px",
                                    "top": "0",
                                    "right": "0",
                                    "bottom": "0",
                                    "left": "0",
                                    "isLinked": false
                                },
                                "margin_tablet": {
                                    "unit": "px",
                                    "top": "0",
                                    "right": "0",
                                    "bottom": "10",
                                    "left": "0",
                                    "isLinked": false
                                }
                            },
                            "elements": [
                                {
                                    "id": "5a2f30eb",
                                    "settings": {
                                        "title": "Reach Us Anytime!",
                                        "title_color": "#FFFFFF",
                                        "_margin": {
                                            "unit": "px",
                                            "top": "0",
                                            "right": "0",
                                            "bottom": "0",
                                            "left": "0",
                                            "isLinked": false
                                        },
                                        "_padding": {
                                            "unit": "px",
                                            "top": "0",
                                            "right": "90",
                                            "bottom": "0",
                                            "left": "0",
                                            "isLinked": false
                                        },
                                        "__globals__": {
                                            "title_color": "globals\/colors?id=primary",
                                            "typography_typography": "globals\/typography?id=41cefd6"
                                        },
                                        "align_mobile": "center",
                                        "_padding_mobile": {
                                            "unit": "px",
                                            "top": "0",
                                            "right": "0",
                                            "bottom": "0",
                                            "left": "0",
                                            "isLinked": false
                                        }
                                    },
                                    "elements": [],
                                    "isInner": false,
                                    "widgetType": "heading",
                                    "elType": "widget"
                                },
                                {
                                    "id": "7881f276",
                                    "settings": {
                                        "editor": "<p>Lorem ipsum dolor sit amet, consectetur adipiscing elit, sed do eiusmod tempor incididunt ut labore et dolore magna aliqua.<\/p>",
                                        "__globals__": {
                                            "text_color": "globals\/colors?id=primary",
                                            "typography_typography": ""
                                        },
                                        "align_mobile": "center",
                                        "text_color": "#FFFFFF",
                                        "typography_font_family": "Roboto",
                                        "typography_font_size": {
                                            "unit": "em",
                                            "size": 1.1,
                                            "sizes": []
                                        },
                                        "typography_font_size_tablet": {
                                            "unit": "em",
                                            "size": 1,
                                            "sizes": []
                                        },
                                        "typography_font_size_mobile": {
                                            "unit": "em",
                                            "size": 1,
                                            "sizes": []
                                        },
                                        "typography_font_weight": "400",
                                        "typography_line_height": {
                                            "unit": "em",
                                            "size": 1.3,
                                            "sizes": []
                                        },
                                        "typography_line_height_tablet": {
                                            "unit": "em",
                                            "size": 1.2,
                                            "sizes": []
                                        },
                                        "typography_line_height_mobile": {
                                            "unit": "em",
                                            "size": 1.2,
                                            "sizes": []
                                        }
                                    },
                                    "elements": [],
                                    "isInner": false,
                                    "widgetType": "text-editor",
                                    "elType": "widget"
                                }
                            ],
                            "isInner": true,
                            "elType": "container"
                        },
                        {
                            "id": "143a5f48",
                            "settings": {
                                "content_width": "full",
                                "margin": {
                                    "unit": "px",
                                    "top": "0",
                                    "right": "0",
                                    "bottom": "25",
                                    "left": "0",
                                    "isLinked": false
                                },
                                "padding": {
                                    "unit": "px",
                                    "top": "0",
                                    "right": "0",
                                    "bottom": "0",
                                    "left": "0",
                                    "isLinked": false
                                },
                                "margin_tablet": {
                                    "unit": "px",
                                    "top": "0",
                                    "right": "0",
                                    "bottom": "15",
                                    "left": "0",
                                    "isLinked": false
                                },
                                "padding_tablet": {
                                    "unit": "px",
                                    "top": "0",
                                    "right": "0",
                                    "bottom": "0",
                                    "left": "0",
                                    "isLinked": false
                                }
                            },
                            "elements": [
                                {
                                    "id": "40f7fff6",
                                    "settings": {
                                        "content_width": "full",
                                        "flex_direction": "row",
                                        "padding": {
                                            "unit": "px",
                                            "top": "10",
                                            "right": "10",
                                            "bottom": "10",
                                            "left": "10",
                                            "isLinked": true
                                        },
                                        "margin_mobile": {
                                            "unit": "px",
                                            "top": "0",
                                            "right": "0",
                                            "bottom": "10",
                                            "left": "0",
                                            "isLinked": false
                                        },
                                        "margin": {
                                            "unit": "px",
                                            "top": "0",
                                            "right": "0",
                                            "bottom": "0",
                                            "left": "0",
                                            "isLinked": false
                                        },
                                        "border_border": "solid",
                                        "border_width": {
                                            "unit": "px",
                                            "top": "1",
                                            "right": "1",
                                            "bottom": "1",
                                            "left": "1",
                                            "isLinked": true
                                        },
                                        "border_radius": {
                                            "unit": "px",
                                            "top": "20",
                                            "right": "20",
                                            "bottom": "20",
                                            "left": "20",
                                            "isLinked": true
                                        },
                                        "__globals__": {
                                            "border_color": "globals\/colors?id=06a01ee"
                                        }
                                    },
                                    "elements": [
                                        {
                                            "id": "3e2c705c",
                                            "settings": {
                                                "content_width": "full",
                                                "width": {
                                                    "unit": "%",
                                                    "size": 15,
                                                    "sizes": []
                                                },
                                                "padding": {
                                                    "unit": "px",
                                                    "top": "0",
                                                    "right": "0",
                                                    "bottom": "0",
                                                    "left": "0",
                                                    "isLinked": false
                                                },
                                                "width_tablet": {
                                                    "unit": "%",
                                                    "size": 23,
                                                    "sizes": []
                                                },
                                                "width_mobile": {
                                                    "unit": "%",
                                                    "size": "",
                                                    "sizes": []
                                                },
                                                "flex_justify_content": "center",
                                                "margin_tablet": {
                                                    "unit": "px",
                                                    "top": "0",
                                                    "right": "0",
                                                    "bottom": "0",
                                                    "left": "0",
                                                    "isLinked": false
                                                }
                                            },
                                            "elements": [
                                                {
                                                    "id": "7172082f",
                                                    "settings": {
                                                        "selected_icon": {
                                                            "value": "jki jki-map-marker-alt-solid",
                                                            "library": "jkiticon"
                                                        },
                                                        "view": "stacked",
                                                        "size": {
                                                            "unit": "px",
                                                            "size": 33,
                                                            "sizes": []
                                                        },
                                                        "__globals__": {
                                                            "primary_color": "globals\/colors?id=accent",
                                                            "secondary_color": "globals\/colors?id=primary"
                                                        },
                                                        "align_tablet": "left",
                                                        "align_mobile": "center",
                                                        "size_tablet": {
                                                            "unit": "px",
                                                            "size": 20,
                                                            "sizes": []
                                                        },
                                                        "hover_animation": "shrink"
                                                    },
                                                    "elements": [],
                                                    "isInner": false,
                                                    "widgetType": "icon",
                                                    "elType": "widget"
                                                }
                                            ],
                                            "isInner": true,
                                            "elType": "container"
                                        },
                                        {
                                            "id": "4f6855d9",
                                            "settings": {
                                                "content_width": "full",
                                                "padding": {
                                                    "unit": "px",
                                                    "top": "0",
                                                    "right": "0",
                                                    "bottom": "0",
                                                    "left": "0",
                                                    "isLinked": false
                                                },
                                                "margin_tablet": {
                                                    "unit": "px",
                                                    "top": "0",
                                                    "right": "0",
                                                    "bottom": "0",
                                                    "left": "0",
                                                    "isLinked": false
                                                },
                                                "padding_tablet": {
                                                    "unit": "px",
                                                    "top": "0",
                                                    "right": "0",
                                                    "bottom": "0",
                                                    "left": "0",
                                                    "isLinked": false
                                                }
                                            },
                                            "elements": [
                                                {
                                                    "id": "3d427b2b",
                                                    "settings": {
                                                        "title": "Address",
                                                        "__globals__": {
                                                            "title_color": "globals\/colors?id=primary",
                                                            "typography_typography": ""
                                                        },
                                                        "align_mobile": "center",
                                                        "header_size": "h3",
                                                        "title_color": "#FFFFFF",
                                                        "typography_font_family": "Exo",
                                                        "typography_font_size": {
                                                            "unit": "em",
                                                            "size": 2,
                                                            "sizes": []
                                                        },
                                                        "typography_font_size_tablet": {
                                                            "unit": "em",
                                                            "size": 1.4,
                                                            "sizes": []
                                                        },
                                                        "typography_font_size_mobile": {
                                                            "unit": "em",
                                                            "size": 1.5,
                                                            "sizes": []
                                                        },
                                                        "typography_font_weight": "500",
                                                        "typography_line_height": {
                                                            "unit": "em",
                                                            "size": 1.3,
                                                            "sizes": []
                                                        },
                                                        "typography_line_height_tablet": {
                                                            "unit": "em",
                                                            "size": 1.3,
                                                            "sizes": []
                                                        },
                                                        "typography_line_height_mobile": {
                                                            "unit": "em",
                                                            "size": 1.3,
                                                            "sizes": []
                                                        }
                                                    },
                                                    "elements": [],
                                                    "isInner": false,
                                                    "widgetType": "heading",
                                                    "elType": "widget"
                                                },
                                                {
                                                    "id": "7de8ab9b",
                                                    "settings": {
                                                        "editor": "<p>122 Maple St., New York<\/p>",
                                                        "_margin": {
                                                            "unit": "px",
                                                            "top": "-15",
                                                            "right": "0",
                                                            "bottom": "0",
                                                            "left": "0",
                                                            "isLinked": false
                                                        },
                                                        "_padding": {
                                                            "unit": "px",
                                                            "top": "0",
                                                            "right": "0",
                                                            "bottom": "0",
                                                            "left": "0",
                                                            "isLinked": false
                                                        },
                                                        "align_mobile": "center",
                                                        "__globals__": {
                                                            "text_color": "globals\/colors?id=primary",
                                                            "typography_typography": "globals\/typography?id=c42e1bb"
                                                        },
                                                        "_margin_tablet": {
                                                            "unit": "px",
                                                            "top": "-15",
                                                            "right": "0",
                                                            "bottom": "-12",
                                                            "left": "0",
                                                            "isLinked": false
                                                        }
                                                    },
                                                    "elements": [],
                                                    "isInner": false,
                                                    "widgetType": "text-editor",
                                                    "elType": "widget"
                                                }
                                            ],
                                            "isInner": true,
                                            "elType": "container"
                                        }
                                    ],
                                    "isInner": true,
                                    "elType": "container"
                                }
                            ],
                            "isInner": true,
                            "elType": "container"
                        },
                        {
                            "id": "2948cbd9",
                            "settings": {
                                "content_width": "full",
                                "flex_direction": "row",
                                "margin": {
                                    "unit": "px",
                                    "top": "-22",
                                    "right": "0",
                                    "bottom": "0",
                                    "left": "0",
                                    "isLinked": false
                                },
                                "padding": {
                                    "unit": "px",
                                    "top": "10",
                                    "right": "10",
                                    "bottom": "10",
                                    "left": "10",
                                    "isLinked": true
                                },
                                "margin_mobile": {
                                    "unit": "px",
                                    "top": "0",
                                    "right": "0",
                                    "bottom": "10",
                                    "left": "0",
                                    "isLinked": false
                                },
                                "border_border": "solid",
                                "border_width": {
                                    "unit": "px",
                                    "top": "1",
                                    "right": "1",
                                    "bottom": "1",
                                    "left": "1",
                                    "isLinked": true
                                },
                                "border_radius": {
                                    "unit": "px",
                                    "top": "20",
                                    "right": "20",
                                    "bottom": "20",
                                    "left": "20",
                                    "isLinked": true
                                },
                                "__globals__": {
                                    "border_color": "globals\/colors?id=06a01ee"
                                }
                            },
                            "elements": [
                                {
                                    "id": "3ddda8e2",
                                    "settings": {
                                        "content_width": "full",
                                        "width": {
                                            "unit": "%",
                                            "size": 15,
                                            "sizes": []
                                        },
                                        "padding": {
                                            "unit": "px",
                                            "top": "0",
                                            "right": "0",
                                            "bottom": "0",
                                            "left": "0",
                                            "isLinked": false
                                        },
                                        "width_tablet": {
                                            "unit": "%",
                                            "size": 23,
                                            "sizes": []
                                        },
                                        "width_mobile": {
                                            "unit": "%",
                                            "size": "",
                                            "sizes": []
                                        },
                                        "flex_justify_content": "center"
                                    },
                                    "elements": [
                                        {
                                            "id": "33685fec",
                                            "settings": {
                                                "selected_icon": {
                                                    "value": "jki jki-phone-line",
                                                    "library": "jkiticon"
                                                },
                                                "view": "stacked",
                                                "size": {
                                                    "unit": "px",
                                                    "size": 33,
                                                    "sizes": []
                                                },
                                                "__globals__": {
                                                    "primary_color": "globals\/colors?id=accent",
                                                    "secondary_color": "globals\/colors?id=primary"
                                                },
                                                "align_tablet": "left",
                                                "align_mobile": "center",
                                                "size_tablet": {
                                                    "unit": "px",
                                                    "size": 20,
                                                    "sizes": []
                                                },
                                                "hover_animation": "shrink"
                                            },
                                            "elements": [],
                                            "isInner": false,
                                            "widgetType": "icon",
                                            "elType": "widget"
                                        }
                                    ],
                                    "isInner": true,
                                    "elType": "container"
                                },
                                {
                                    "id": "41cd92c3",
                                    "settings": {
                                        "content_width": "full",
                                        "padding": {
                                            "unit": "px",
                                            "top": "0",
                                            "right": "0",
                                            "bottom": "0",
                                            "left": "0",
                                            "isLinked": false
                                        }
                                    },
                                    "elements": [
                                        {
                                            "id": "2f88dd3",
                                            "settings": {
                                                "title": "Phone Number",
                                                "__globals__": {
                                                    "title_color": "globals\/colors?id=primary",
                                                    "typography_typography": ""
                                                },
                                                "align_mobile": "center",
                                                "header_size": "h3",
                                                "title_color": "#FFFFFF",
                                                "typography_font_family": "Exo",
                                                "typography_font_size": {
                                                    "unit": "em",
                                                    "size": 2,
                                                    "sizes": []
                                                },
                                                "typography_font_size_tablet": {
                                                    "unit": "em",
                                                    "size": 1.4,
                                                    "sizes": []
                                                },
                                                "typography_font_size_mobile": {
                                                    "unit": "em",
                                                    "size": 1.5,
                                                    "sizes": []
                                                },
                                                "typography_font_weight": "500",
                                                "typography_line_height": {
                                                    "unit": "em",
                                                    "size": 1.3,
                                                    "sizes": []
                                                },
                                                "typography_line_height_tablet": {
                                                    "unit": "em",
                                                    "size": 1.3,
                                                    "sizes": []
                                                },
                                                "typography_line_height_mobile": {
                                                    "unit": "em",
                                                    "size": 1.3,
                                                    "sizes": []
                                                }
                                            },
                                            "elements": [],
                                            "isInner": false,
                                            "widgetType": "heading",
                                            "elType": "widget"
                                        },
                                        {
                                            "id": "22507037",
                                            "settings": {
                                                "editor": "<p>(+62) 123-4567<\/p>",
                                                "_margin": {
                                                    "unit": "px",
                                                    "top": "-15",
                                                    "right": "0",
                                                    "bottom": "0",
                                                    "left": "0",
                                                    "isLinked": false
                                                },
                                                "_padding": {
                                                    "unit": "px",
                                                    "top": "0",
                                                    "right": "0",
                                                    "bottom": "0",
                                                    "left": "0",
                                                    "isLinked": false
                                                },
                                                "align_mobile": "center",
                                                "__globals__": {
                                                    "text_color": "globals\/colors?id=primary",
                                                    "typography_typography": "globals\/typography?id=c42e1bb"
                                                },
                                                "_margin_tablet": {
                                                    "unit": "px",
                                                    "top": "-15",
                                                    "right": "0",
                                                    "bottom": "-12",
                                                    "left": "0",
                                                    "isLinked": false
                                                }
                                            },
                                            "elements": [],
                                            "isInner": false,
                                            "widgetType": "text-editor",
                                            "elType": "widget"
                                        }
                                    ],
                                    "isInner": true,
                                    "elType": "container"
                                }
                            ],
                            "isInner": true,
                            "elType": "container"
                        },
                        {
                            "id": "44b605ff",
                            "settings": {
                                "content_width": "full",
                                "flex_direction": "row",
                                "margin": {
                                    "unit": "px",
                                    "top": "0",
                                    "right": "0",
                                    "bottom": "0",
                                    "left": "0",
                                    "isLinked": false
                                },
                                "padding": {
                                    "unit": "px",
                                    "top": "10",
                                    "right": "10",
                                    "bottom": "10",
                                    "left": "10",
                                    "isLinked": true
                                },
                                "margin_mobile": {
                                    "unit": "px",
                                    "top": "0",
                                    "right": "0",
                                    "bottom": "10",
                                    "left": "0",
                                    "isLinked": false
                                },
                                "border_border": "solid",
                                "border_width": {
                                    "unit": "px",
                                    "top": "1",
                                    "right": "1",
                                    "bottom": "1",
                                    "left": "1",
                                    "isLinked": true
                                },
                                "border_radius": {
                                    "unit": "px",
                                    "top": "20",
                                    "right": "20",
                                    "bottom": "20",
                                    "left": "20",
                                    "isLinked": true
                                },
                                "__globals__": {
                                    "border_color": "globals\/colors?id=06a01ee"
                                }
                            },
                            "elements": [
                                {
                                    "id": "52e9c84c",
                                    "settings": {
                                        "content_width": "full",
                                        "width": {
                                            "unit": "%",
                                            "size": 15,
                                            "sizes": []
                                        },
                                        "padding": {
                                            "unit": "px",
                                            "top": "0",
                                            "right": "0",
                                            "bottom": "0",
                                            "left": "0",
                                            "isLinked": false
                                        },
                                        "width_tablet": {
                                            "unit": "%",
                                            "size": 23,
                                            "sizes": []
                                        },
                                        "width_mobile": {
                                            "unit": "%",
                                            "size": "",
                                            "sizes": []
                                        },
                                        "flex_justify_content": "center"
                                    },
                                    "elements": [
                                        {
                                            "id": "17be01f4",
                                            "settings": {
                                                "selected_icon": {
                                                    "value": "jki jki-envelope2-light",
                                                    "library": "jkiticon"
                                                },
                                                "view": "stacked",
                                                "size": {
                                                    "unit": "px",
                                                    "size": 33,
                                                    "sizes": []
                                                },
                                                "__globals__": {
                                                    "primary_color": "globals\/colors?id=accent",
                                                    "secondary_color": "globals\/colors?id=primary"
                                                },
                                                "align_tablet": "left",
                                                "align_mobile": "center",
                                                "size_tablet": {
                                                    "unit": "px",
                                                    "size": 20,
                                                    "sizes": []
                                                },
                                                "hover_animation": "shrink"
                                            },
                                            "elements": [],
                                            "isInner": false,
                                            "widgetType": "icon",
                                            "elType": "widget"
                                        }
                                    ],
                                    "isInner": true,
                                    "elType": "container"
                                },
                                {
                                    "id": "702cbb27",
                                    "settings": {
                                        "content_width": "full",
                                        "padding": {
                                            "unit": "px",
                                            "top": "0",
                                            "right": "0",
                                            "bottom": "0",
                                            "left": "0",
                                            "isLinked": false
                                        }
                                    },
                                    "elements": [
                                        {
                                            "id": "3f7da6de",
                                            "settings": {
                                                "title": "E-Mail",
                                                "__globals__": {
                                                    "title_color": "globals\/colors?id=primary",
                                                    "typography_typography": ""
                                                },
                                                "align_mobile": "center",
                                                "header_size": "h3",
                                                "title_color": "#FFFFFF",
                                                "typography_font_family": "Exo",
                                                "typography_font_size": {
                                                    "unit": "em",
                                                    "size": 2,
                                                    "sizes": []
                                                },
                                                "typography_font_size_tablet": {
                                                    "unit": "em",
                                                    "size": 1.4,
                                                    "sizes": []
                                                },
                                                "typography_font_size_mobile": {
                                                    "unit": "em",
                                                    "size": 1.5,
                                                    "sizes": []
                                                },
                                                "typography_font_weight": "500",
                                                "typography_line_height": {
                                                    "unit": "em",
                                                    "size": 1.3,
                                                    "sizes": []
                                                },
                                                "typography_line_height_tablet": {
                                                    "unit": "em",
                                                    "size": 1.3,
                                                    "sizes": []
                                                },
                                                "typography_line_height_mobile": {
                                                    "unit": "em",
                                                    "size": 1.3,
                                                    "sizes": []
                                                }
                                            },
                                            "elements": [],
                                            "isInner": false,
                                            "widgetType": "heading",
                                            "elType": "widget"
                                        },
                                        {
                                            "id": "4522c6ba",
                                            "settings": {
                                                "editor": "<p>mail@outspace.com<\/p>",
                                                "_margin": {
                                                    "unit": "px",
                                                    "top": "-15",
                                                    "right": "0",
                                                    "bottom": "0",
                                                    "left": "0",
                                                    "isLinked": false
                                                },
                                                "_padding": {
                                                    "unit": "px",
                                                    "top": "0",
                                                    "right": "0",
                                                    "bottom": "0",
                                                    "left": "0",
                                                    "isLinked": false
                                                },
                                                "align_mobile": "center",
                                                "__globals__": {
                                                    "text_color": "globals\/colors?id=primary",
                                                    "typography_typography": "globals\/typography?id=c42e1bb"
                                                },
                                                "_margin_tablet": {
                                                    "unit": "px",
                                                    "top": "-15",
                                                    "right": "0",
                                                    "bottom": "-12",
                                                    "left": "0",
                                                    "isLinked": false
                                                }
                                            },
                                            "elements": [],
                                            "isInner": false,
                                            "widgetType": "text-editor",
                                            "elType": "widget"
                                        }
                                    ],
                                    "isInner": true,
                                    "elType": "container"
                                }
                            ],
                            "isInner": true,
                            "elType": "container"
                        }
                    ],
                    "isInner": true,
                    "elType": "container"
                }
            ],
            "isInner": false,
            "elType": "container"
        },
        {
            "id": "76a22ba",
            "settings": {
                "flex_direction": "column",
                "content_width": "full",
                "margin": {
                    "unit": "px",
                    "top": "0",
                    "right": "0",
                    "bottom": "0",
                    "left": "0",
                    "isLinked": false
                },
                "padding": {
                    "unit": "px",
                    "top": "0",
                    "right": "0",
                    "bottom": "0",
                    "left": "0",
                    "isLinked": false
                }
            },
            "elements": [
                {
                    "id": "14f4457e",
                    "settings": {
                        "address": "London Eye, London, United Kingdom",
                        "height": {
                            "unit": "px",
                            "size": 530,
                            "sizes": []
                        }
                    },
                    "elements": [],
                    "isInner": false,
                    "widgetType": "google_maps",
                    "elType": "widget"
                }
            ],
            "isInner": false,
            "elType": "container"
        }
    ]
}