{
    "version": "0.4",
    "title": "Footer",
    "type": "section",
    "metadata": {
        "template_type": "section-footer",
        "include_in_zip": "1",
        "elementor_pro_required": null,
        "wp_page_template": "elementor_canvas"
    },
    "content": [
        {
            "id": "73b0cbe3",
            "settings": {
                "flex_direction": "row",
                "background_background": "classic",
                "margin": {
                    "unit": "px",
                    "top": "0",
                    "right": "0",
                    "bottom": "0",
                    "left": "0",
                    "isLinked": false
                },
                "padding": {
                    "unit": "px",
                    "top": "80",
                    "right": "40",
                    "bottom": "80",
                    "left": "40",
                    "isLinked": false
                },
                "padding_tablet": {
                    "unit": "px",
                    "top": "120",
                    "right": "30",
                    "bottom": "40",
                    "left": "30",
                    "isLinked": false
                },
                "padding_mobile": {
                    "unit": "px",
                    "top": "120",
                    "right": "20",
                    "bottom": "50",
                    "left": "20",
                    "isLinked": false
                },
                "margin_mobile": {
                    "unit": "px",
                    "top": "0",
                    "right": "0",
                    "bottom": "0",
                    "left": "0",
                    "isLinked": false
                },
                "__globals__": {
                    "background_color": "globals\/colors?id=secondary"
                }
            },
            "elements": [
                {
                    "id": "31089e77",
                    "settings": {
                        "flex_direction": "column",
                        "margin": {
                            "unit": "px",
                            "top": "0",
                            "right": "0",
                            "bottom": "0",
                            "left": "0",
                            "isLinked": true
                        },
                        "padding": {
                            "unit": "px",
                            "top": "0",
                            "right": "0",
                            "bottom": "0",
                            "left": "0",
                            "isLinked": true
                        },
                        "margin_tablet": {
                            "unit": "px",
                            "top": "0",
                            "right": "0",
                            "bottom": "0",
                            "left": "0",
                            "isLinked": false
                        },
                        "padding_tablet": {
                            "unit": "px",
                            "top": "0",
                            "right": "0",
                            "bottom": "0",
                            "left": "0",
                            "isLinked": false
                        },
                        "flex_justify_content_mobile": "center",
                        "margin_mobile": {
                            "unit": "px",
                            "top": "0",
                            "right": "0",
                            "bottom": "15",
                            "left": "0",
                            "isLinked": false
                        },
                        "boxed_width_mobile": {
                            "unit": "%",
                            "size": "",
                            "sizes": []
                        }
                    },
                    "elements": [
                        {
                            "id": "5cbb6d73",
                            "settings": {
                                "flex_direction": "row",
                                "margin": {
                                    "unit": "px",
                                    "top": "0",
                                    "right": "0",
                                    "bottom": "0",
                                    "left": "0",
                                    "isLinked": false
                                },
                                "padding": {
                                    "unit": "px",
                                    "top": "0",
                                    "right": "0",
                                    "bottom": "0",
                                    "left": "0",
                                    "isLinked": false
                                },
                                "margin_tablet": {
                                    "unit": "px",
                                    "top": "0",
                                    "right": "0",
                                    "bottom": "0",
                                    "left": "0",
                                    "isLinked": false
                                },
                                "padding_tablet": {
                                    "unit": "px",
                                    "top": "0",
                                    "right": "0",
                                    "bottom": "0",
                                    "left": "0",
                                    "isLinked": false
                                },
                                "flex_justify_content_mobile": "center",
                                "margin_mobile": {
                                    "unit": "px",
                                    "top": "0",
                                    "right": "0",
                                    "bottom": "0",
                                    "left": "0",
                                    "isLinked": false
                                }
                            },
                            "elements": [
                                {
                                    "id": "68612db",
                                    "settings": {
                                        "image": {
                                            "url": "https:\/\/kitpro.site\/coworking\/wp-content\/uploads\/sites\/296\/2024\/12\/Coworking-Space.png",
                                            "id": 1153,
                                            "size": "",
                                            "alt": "",
                                            "source": "library"
                                        },
                                        "align": "left",
                                        "width": {
                                            "unit": "%",
                                            "size": 90,
                                            "sizes": []
                                        },
                                        "_margin": {
                                            "unit": "px",
                                            "top": "-16",
                                            "right": "0",
                                            "bottom": "0",
                                            "left": "0",
                                            "isLinked": false
                                        },
                                        "align_mobile": "center",
                                        "_margin_tablet": {
                                            "unit": "px",
                                            "top": "-6",
                                            "right": "0",
                                            "bottom": "0",
                                            "left": "0",
                                            "isLinked": false
                                        },
                                        "width_mobile": {
                                            "unit": "%",
                                            "size": 60,
                                            "sizes": []
                                        }
                                    },
                                    "elements": [],
                                    "isInner": false,
                                    "widgetType": "image",
                                    "elType": "widget"
                                }
                            ],
                            "isInner": true,
                            "elType": "container"
                        },
                        {
                            "id": "611a85a8",
                            "settings": {
                                "margin": {
                                    "unit": "px",
                                    "top": "0",
                                    "right": "0",
                                    "bottom": "-15",
                                    "left": "0",
                                    "isLinked": false
                                },
                                "padding": {
                                    "unit": "px",
                                    "top": "0",
                                    "right": "0",
                                    "bottom": "0",
                                    "left": "0",
                                    "isLinked": false
                                }
                            },
                            "elements": [
                                {
                                    "id": "6663fd1c",
                                    "settings": {
                                        "editor": "<p>Lorem ipsum dolor sit amet, consectetur adipiscing elit, sed do eiusmod tempor.<\/p>",
                                        "_margin": {
                                            "unit": "px",
                                            "top": "0",
                                            "right": "0",
                                            "bottom": "0",
                                            "left": "0",
                                            "isLinked": false
                                        },
                                        "_margin_tablet": {
                                            "unit": "px",
                                            "top": "0",
                                            "right": "0",
                                            "bottom": "0",
                                            "left": "0",
                                            "isLinked": false
                                        },
                                        "align_mobile": "center",
                                        "__globals__": {
                                            "text_color": "globals\/colors?id=primary",
                                            "typography_typography": "globals\/typography?id=text"
                                        },
                                        "_background_color_stop_tablet": {
                                            "unit": "%",
                                            "size": "",
                                            "sizes": []
                                        },
                                        "_background_color_stop_mobile": {
                                            "unit": "%",
                                            "size": "",
                                            "sizes": []
                                        },
                                        "_background_color_b_stop_tablet": {
                                            "unit": "%",
                                            "size": "",
                                            "sizes": []
                                        },
                                        "_background_color_b_stop_mobile": {
                                            "unit": "%",
                                            "size": "",
                                            "sizes": []
                                        },
                                        "_background_gradient_angle_tablet": {
                                            "unit": "deg",
                                            "size": "",
                                            "sizes": []
                                        },
                                        "_background_gradient_angle_mobile": {
                                            "unit": "deg",
                                            "size": "",
                                            "sizes": []
                                        },
                                        "_background_gradient_position_tablet": "center center",
                                        "_background_gradient_position_mobile": "center center",
                                        "_background_hover_color_stop_tablet": {
                                            "unit": "%",
                                            "size": "",
                                            "sizes": []
                                        },
                                        "_background_hover_color_stop_mobile": {
                                            "unit": "%",
                                            "size": "",
                                            "sizes": []
                                        },
                                        "_background_hover_color_b_stop_tablet": {
                                            "unit": "%",
                                            "size": "",
                                            "sizes": []
                                        },
                                        "_background_hover_color_b_stop_mobile": {
                                            "unit": "%",
                                            "size": "",
                                            "sizes": []
                                        },
                                        "_background_hover_gradient_angle_tablet": {
                                            "unit": "deg",
                                            "size": "",
                                            "sizes": []
                                        },
                                        "_background_hover_gradient_angle_mobile": {
                                            "unit": "deg",
                                            "size": "",
                                            "sizes": []
                                        },
                                        "_background_hover_gradient_position_tablet": "center center",
                                        "_background_hover_gradient_position_mobile": "center center",
                                        "_margin_mobile": {
                                            "unit": "px",
                                            "top": "0",
                                            "right": "30",
                                            "bottom": "0",
                                            "left": "30",
                                            "isLinked": false
                                        }
                                    },
                                    "elements": [],
                                    "isInner": false,
                                    "widgetType": "text-editor",
                                    "elType": "widget"
                                }
                            ],
                            "isInner": true,
                            "elType": "container"
                        },
                        {
                            "id": "244c582b",
                            "settings": {
                                "margin": {
                                    "unit": "px",
                                    "top": "0",
                                    "right": "0",
                                    "bottom": "0",
                                    "left": "0",
                                    "isLinked": false
                                },
                                "padding": {
                                    "unit": "px",
                                    "top": "0",
                                    "right": "0",
                                    "bottom": "0",
                                    "left": "0",
                                    "isLinked": false
                                },
                                "flex_justify_content_mobile": "center",
                                "margin_mobile": {
                                    "unit": "px",
                                    "top": "-15",
                                    "right": "0",
                                    "bottom": "0",
                                    "left": "0",
                                    "isLinked": false
                                }
                            },
                            "elements": [
                                {
                                    "id": "74be5588",
                                    "settings": {
                                        "social_icon_list": [
                                            {
                                                "social_icon": {
                                                    "value": "fab fa-facebook",
                                                    "library": "fa-brands"
                                                },
                                                "_id": "7463ffa"
                                            },
                                            {
                                                "social_icon": {
                                                    "value": "fab fa-twitter",
                                                    "library": "fa-brands"
                                                },
                                                "_id": "97b68f2"
                                            },
                                            {
                                                "social_icon": {
                                                    "value": "fab fa-youtube",
                                                    "library": "fa-brands"
                                                },
                                                "_id": "e444729"
                                            }
                                        ],
                                        "shape": "circle",
                                        "icon_color": "custom",
                                        "icon_size": {
                                            "unit": "px",
                                            "size": 15,
                                            "sizes": []
                                        },
                                        "border_radius": {
                                            "unit": "px",
                                            "top": "20",
                                            "right": "20",
                                            "bottom": "20",
                                            "left": "20",
                                            "isLinked": true
                                        },
                                        "_flex_align_self": "flex-start",
                                        "_flex_align_self_mobile": "center",
                                        "__globals__": {
                                            "icon_primary_color": "",
                                            "hover_primary_color": "globals\/colors?id=accent",
                                            "hover_secondary_color": "globals\/colors?id=primary"
                                        },
                                        "_background_color_stop_tablet": {
                                            "unit": "%",
                                            "size": "",
                                            "sizes": []
                                        },
                                        "_background_color_stop_mobile": {
                                            "unit": "%",
                                            "size": "",
                                            "sizes": []
                                        },
                                        "_background_color_b_stop_tablet": {
                                            "unit": "%",
                                            "size": "",
                                            "sizes": []
                                        },
                                        "_background_color_b_stop_mobile": {
                                            "unit": "%",
                                            "size": "",
                                            "sizes": []
                                        },
                                        "_background_gradient_angle_tablet": {
                                            "unit": "deg",
                                            "size": "",
                                            "sizes": []
                                        },
                                        "_background_gradient_angle_mobile": {
                                            "unit": "deg",
                                            "size": "",
                                            "sizes": []
                                        },
                                        "_background_gradient_position_tablet": "center center",
                                        "_background_gradient_position_mobile": "center center",
                                        "_background_hover_color_stop_tablet": {
                                            "unit": "%",
                                            "size": "",
                                            "sizes": []
                                        },
                                        "_background_hover_color_stop_mobile": {
                                            "unit": "%",
                                            "size": "",
                                            "sizes": []
                                        },
                                        "_background_hover_color_b_stop_tablet": {
                                            "unit": "%",
                                            "size": "",
                                            "sizes": []
                                        },
                                        "_background_hover_color_b_stop_mobile": {
                                            "unit": "%",
                                            "size": "",
                                            "sizes": []
                                        },
                                        "_background_hover_gradient_angle_tablet": {
                                            "unit": "deg",
                                            "size": "",
                                            "sizes": []
                                        },
                                        "_background_hover_gradient_angle_mobile": {
                                            "unit": "deg",
                                            "size": "",
                                            "sizes": []
                                        },
                                        "_background_hover_gradient_position_tablet": "center center",
                                        "_background_hover_gradient_position_mobile": "center center",
                                        "_margin_mobile": {
                                            "unit": "px",
                                            "top": "20",
                                            "right": "0",
                                            "bottom": "0",
                                            "left": "0",
                                            "isLinked": false
                                        },
                                        "hover_animation": "shrink"
                                    },
                                    "elements": [],
                                    "isInner": false,
                                    "widgetType": "social-icons",
                                    "elType": "widget"
                                }
                            ],
                            "isInner": true,
                            "elType": "container"
                        }
                    ],
                    "isInner": true,
                    "elType": "container"
                },
                {
                    "id": "2bd63ee3",
                    "settings": {
                        "flex_direction": "column",
                        "margin": {
                            "unit": "px",
                            "top": "-5",
                            "right": "0",
                            "bottom": "0",
                            "left": "130",
                            "isLinked": false
                        },
                        "padding": {
                            "unit": "px",
                            "top": "0",
                            "right": "0",
                            "bottom": "0",
                            "left": "0",
                            "isLinked": false
                        },
                        "margin_mobile": {
                            "unit": "px",
                            "top": "0",
                            "right": "0",
                            "bottom": "15",
                            "left": "0",
                            "isLinked": false
                        },
                        "boxed_width": {
                            "unit": "%",
                            "size": 100,
                            "sizes": []
                        },
                        "boxed_width_tablet": {
                            "unit": "%",
                            "size": "",
                            "sizes": []
                        },
                        "boxed_width_mobile": {
                            "unit": "%",
                            "size": "",
                            "sizes": []
                        },
                        "margin_tablet": {
                            "unit": "px",
                            "top": "0",
                            "right": "0",
                            "bottom": "0",
                            "left": "30",
                            "isLinked": false
                        }
                    },
                    "elements": [
                        {
                            "id": "1487ca06",
                            "settings": {
                                "margin": {
                                    "unit": "px",
                                    "top": "0",
                                    "right": "0",
                                    "bottom": "0",
                                    "left": "0",
                                    "isLinked": false
                                },
                                "padding": {
                                    "unit": "px",
                                    "top": "0",
                                    "right": "0",
                                    "bottom": "0",
                                    "left": "0",
                                    "isLinked": false
                                }
                            },
                            "elements": [
                                {
                                    "id": "677d1a53",
                                    "settings": {
                                        "title": "Quick Links",
                                        "align_mobile": "center",
                                        "__globals__": {
                                            "title_color": "globals\/colors?id=primary",
                                            "typography_typography": "globals\/typography?id=23f34e7"
                                        },
                                        "_background_color_stop_tablet": {
                                            "unit": "%",
                                            "size": "",
                                            "sizes": []
                                        },
                                        "_background_color_stop_mobile": {
                                            "unit": "%",
                                            "size": "",
                                            "sizes": []
                                        },
                                        "_background_color_b_stop_tablet": {
                                            "unit": "%",
                                            "size": "",
                                            "sizes": []
                                        },
                                        "_background_color_b_stop_mobile": {
                                            "unit": "%",
                                            "size": "",
                                            "sizes": []
                                        },
                                        "_background_gradient_angle_tablet": {
                                            "unit": "deg",
                                            "size": "",
                                            "sizes": []
                                        },
                                        "_background_gradient_angle_mobile": {
                                            "unit": "deg",
                                            "size": "",
                                            "sizes": []
                                        },
                                        "_background_gradient_position_tablet": "center center",
                                        "_background_gradient_position_mobile": "center center",
                                        "_background_hover_color_stop_tablet": {
                                            "unit": "%",
                                            "size": "",
                                            "sizes": []
                                        },
                                        "_background_hover_color_stop_mobile": {
                                            "unit": "%",
                                            "size": "",
                                            "sizes": []
                                        },
                                        "_background_hover_color_b_stop_tablet": {
                                            "unit": "%",
                                            "size": "",
                                            "sizes": []
                                        },
                                        "_background_hover_color_b_stop_mobile": {
                                            "unit": "%",
                                            "size": "",
                                            "sizes": []
                                        },
                                        "_background_hover_gradient_angle_tablet": {
                                            "unit": "deg",
                                            "size": "",
                                            "sizes": []
                                        },
                                        "_background_hover_gradient_angle_mobile": {
                                            "unit": "deg",
                                            "size": "",
                                            "sizes": []
                                        },
                                        "_background_hover_gradient_position_tablet": "center center",
                                        "_background_hover_gradient_position_mobile": "center center"
                                    },
                                    "elements": [],
                                    "isInner": false,
                                    "widgetType": "heading",
                                    "elType": "widget"
                                }
                            ],
                            "isInner": true,
                            "elType": "container"
                        },
                        {
                            "id": "2b089304",
                            "settings": {
                                "margin": {
                                    "unit": "px",
                                    "top": "0",
                                    "right": "0",
                                    "bottom": "0",
                                    "left": "0",
                                    "isLinked": false
                                },
                                "padding": {
                                    "unit": "px",
                                    "top": "0",
                                    "right": "0",
                                    "bottom": "0",
                                    "left": "0",
                                    "isLinked": false
                                }
                            },
                            "elements": [
                                {
                                    "id": "165e573d",
                                    "settings": {
                                        "icon_list": [
                                            {
                                                "text": "Home",
                                                "selected_icon": {
                                                    "value": "",
                                                    "library": ""
                                                },
                                                "_id": "a298aba"
                                            },
                                            {
                                                "text": "About Us",
                                                "selected_icon": {
                                                    "value": "",
                                                    "library": ""
                                                },
                                                "_id": "3d2ce27"
                                            },
                                            {
                                                "text": "Spaces",
                                                "selected_icon": {
                                                    "value": "",
                                                    "library": ""
                                                },
                                                "_id": "8d07d42"
                                            },
                                            {
                                                "_id": "f589ca2",
                                                "text": "Contact Us",
                                                "selected_icon": {
                                                    "value": "",
                                                    "library": ""
                                                }
                                            }
                                        ],
                                        "space_between": {
                                            "unit": "px",
                                            "size": 8,
                                            "sizes": []
                                        },
                                        "icon_align_mobile": "center",
                                        "__globals__": {
                                            "text_color": "",
                                            "text_color_hover": "",
                                            "icon_typography_typography": "globals\/typography?id=c42e1bb"
                                        },
                                        "text_color": "#FFFFFF",
                                        "text_color_hover": "#DBFFFD",
                                        "_margin": {
                                            "unit": "px",
                                            "top": "0",
                                            "right": "65",
                                            "bottom": "0",
                                            "left": "0",
                                            "isLinked": false
                                        },
                                        "_margin_tablet": {
                                            "unit": "px",
                                            "top": "0",
                                            "right": "0",
                                            "bottom": "0",
                                            "left": "0",
                                            "isLinked": false
                                        },
                                        "_background_color_stop_tablet": {
                                            "unit": "%",
                                            "size": "",
                                            "sizes": []
                                        },
                                        "_background_color_stop_mobile": {
                                            "unit": "%",
                                            "size": "",
                                            "sizes": []
                                        },
                                        "_background_color_b_stop_tablet": {
                                            "unit": "%",
                                            "size": "",
                                            "sizes": []
                                        },
                                        "_background_color_b_stop_mobile": {
                                            "unit": "%",
                                            "size": "",
                                            "sizes": []
                                        },
                                        "_background_gradient_angle_tablet": {
                                            "unit": "deg",
                                            "size": "",
                                            "sizes": []
                                        },
                                        "_background_gradient_angle_mobile": {
                                            "unit": "deg",
                                            "size": "",
                                            "sizes": []
                                        },
                                        "_background_gradient_position_tablet": "center center",
                                        "_background_gradient_position_mobile": "center center",
                                        "_background_hover_color_stop_tablet": {
                                            "unit": "%",
                                            "size": "",
                                            "sizes": []
                                        },
                                        "_background_hover_color_stop_mobile": {
                                            "unit": "%",
                                            "size": "",
                                            "sizes": []
                                        },
                                        "_background_hover_color_b_stop_tablet": {
                                            "unit": "%",
                                            "size": "",
                                            "sizes": []
                                        },
                                        "_background_hover_color_b_stop_mobile": {
                                            "unit": "%",
                                            "size": "",
                                            "sizes": []
                                        },
                                        "_background_hover_gradient_angle_tablet": {
                                            "unit": "deg",
                                            "size": "",
                                            "sizes": []
                                        },
                                        "_background_hover_gradient_angle_mobile": {
                                            "unit": "deg",
                                            "size": "",
                                            "sizes": []
                                        },
                                        "_background_hover_gradient_position_tablet": "center center",
                                        "_background_hover_gradient_position_mobile": "center center"
                                    },
                                    "elements": [],
                                    "isInner": false,
                                    "widgetType": "icon-list",
                                    "elType": "widget"
                                }
                            ],
                            "isInner": true,
                            "elType": "container"
                        }
                    ],
                    "isInner": true,
                    "elType": "container"
                },
                {
                    "id": "15f8b86d",
                    "settings": {
                        "margin": {
                            "unit": "px",
                            "top": "-5",
                            "right": "20",
                            "bottom": "0",
                            "left": "0",
                            "isLinked": false
                        },
                        "padding": {
                            "unit": "px",
                            "top": "0",
                            "right": "0",
                            "bottom": "0",
                            "left": "0",
                            "isLinked": false
                        },
                        "margin_mobile": {
                            "unit": "px",
                            "top": "0",
                            "right": "0",
                            "bottom": "15",
                            "left": "0",
                            "isLinked": false
                        },
                        "boxed_width": {
                            "unit": "%",
                            "size": "",
                            "sizes": []
                        },
                        "boxed_width_tablet": {
                            "unit": "%",
                            "size": "",
                            "sizes": []
                        },
                        "boxed_width_mobile": {
                            "unit": "%",
                            "size": "",
                            "sizes": []
                        }
                    },
                    "elements": [
                        {
                            "id": "64939ec6",
                            "settings": {
                                "margin": {
                                    "unit": "px",
                                    "top": "0",
                                    "right": "0",
                                    "bottom": "0",
                                    "left": "0",
                                    "isLinked": false
                                },
                                "padding": {
                                    "unit": "px",
                                    "top": "0",
                                    "right": "0",
                                    "bottom": "0",
                                    "left": "0",
                                    "isLinked": false
                                }
                            },
                            "elements": [
                                {
                                    "id": "6ebcbde7",
                                    "settings": {
                                        "title": "Support",
                                        "align_mobile": "center",
                                        "__globals__": {
                                            "title_color": "globals\/colors?id=primary",
                                            "typography_typography": "globals\/typography?id=23f34e7"
                                        },
                                        "_background_color_stop_tablet": {
                                            "unit": "%",
                                            "size": "",
                                            "sizes": []
                                        },
                                        "_background_color_stop_mobile": {
                                            "unit": "%",
                                            "size": "",
                                            "sizes": []
                                        },
                                        "_background_color_b_stop_tablet": {
                                            "unit": "%",
                                            "size": "",
                                            "sizes": []
                                        },
                                        "_background_color_b_stop_mobile": {
                                            "unit": "%",
                                            "size": "",
                                            "sizes": []
                                        },
                                        "_background_gradient_angle_tablet": {
                                            "unit": "deg",
                                            "size": "",
                                            "sizes": []
                                        },
                                        "_background_gradient_angle_mobile": {
                                            "unit": "deg",
                                            "size": "",
                                            "sizes": []
                                        },
                                        "_background_gradient_position_tablet": "center center",
                                        "_background_gradient_position_mobile": "center center",
                                        "_background_hover_color_stop_tablet": {
                                            "unit": "%",
                                            "size": "",
                                            "sizes": []
                                        },
                                        "_background_hover_color_stop_mobile": {
                                            "unit": "%",
                                            "size": "",
                                            "sizes": []
                                        },
                                        "_background_hover_color_b_stop_tablet": {
                                            "unit": "%",
                                            "size": "",
                                            "sizes": []
                                        },
                                        "_background_hover_color_b_stop_mobile": {
                                            "unit": "%",
                                            "size": "",
                                            "sizes": []
                                        },
                                        "_background_hover_gradient_angle_tablet": {
                                            "unit": "deg",
                                            "size": "",
                                            "sizes": []
                                        },
                                        "_background_hover_gradient_angle_mobile": {
                                            "unit": "deg",
                                            "size": "",
                                            "sizes": []
                                        },
                                        "_background_hover_gradient_position_tablet": "center center",
                                        "_background_hover_gradient_position_mobile": "center center"
                                    },
                                    "elements": [],
                                    "isInner": false,
                                    "widgetType": "heading",
                                    "elType": "widget"
                                }
                            ],
                            "isInner": true,
                            "elType": "container"
                        },
                        {
                            "id": "6ae3bdb4",
                            "settings": {
                                "margin": {
                                    "unit": "px",
                                    "top": "0",
                                    "right": "0",
                                    "bottom": "0",
                                    "left": "0",
                                    "isLinked": false
                                },
                                "padding": {
                                    "unit": "px",
                                    "top": "0",
                                    "right": "0",
                                    "bottom": "0",
                                    "left": "0",
                                    "isLinked": false
                                }
                            },
                            "elements": [
                                {
                                    "id": "7f28031e",
                                    "settings": {
                                        "icon_list": [
                                            {
                                                "text": "Location",
                                                "selected_icon": {
                                                    "value": "",
                                                    "library": ""
                                                },
                                                "_id": "a298aba"
                                            },
                                            {
                                                "text": "Acomodation",
                                                "selected_icon": {
                                                    "value": "",
                                                    "library": ""
                                                },
                                                "_id": "3d2ce27"
                                            },
                                            {
                                                "text": "Transportation",
                                                "selected_icon": {
                                                    "value": "",
                                                    "library": ""
                                                },
                                                "_id": "8d07d42"
                                            },
                                            {
                                                "_id": "f589ca2",
                                                "text": "Help Center",
                                                "selected_icon": {
                                                    "value": "",
                                                    "library": ""
                                                }
                                            }
                                        ],
                                        "space_between": {
                                            "unit": "px",
                                            "size": 8,
                                            "sizes": []
                                        },
                                        "icon_align_mobile": "center",
                                        "__globals__": {
                                            "text_color": "",
                                            "text_color_hover": "",
                                            "icon_typography_typography": "globals\/typography?id=c42e1bb"
                                        },
                                        "text_color": "#FFFFFF",
                                        "text_color_hover": "#DBFFFD",
                                        "_margin": {
                                            "unit": "px",
                                            "top": "0",
                                            "right": "65",
                                            "bottom": "0",
                                            "left": "0",
                                            "isLinked": false
                                        },
                                        "_margin_tablet": {
                                            "unit": "px",
                                            "top": "0",
                                            "right": "0",
                                            "bottom": "0",
                                            "left": "0",
                                            "isLinked": false
                                        },
                                        "_background_color_stop_tablet": {
                                            "unit": "%",
                                            "size": "",
                                            "sizes": []
                                        },
                                        "_background_color_stop_mobile": {
                                            "unit": "%",
                                            "size": "",
                                            "sizes": []
                                        },
                                        "_background_color_b_stop_tablet": {
                                            "unit": "%",
                                            "size": "",
                                            "sizes": []
                                        },
                                        "_background_color_b_stop_mobile": {
                                            "unit": "%",
                                            "size": "",
                                            "sizes": []
                                        },
                                        "_background_gradient_angle_tablet": {
                                            "unit": "deg",
                                            "size": "",
                                            "sizes": []
                                        },
                                        "_background_gradient_angle_mobile": {
                                            "unit": "deg",
                                            "size": "",
                                            "sizes": []
                                        },
                                        "_background_gradient_position_tablet": "center center",
                                        "_background_gradient_position_mobile": "center center",
                                        "_background_hover_color_stop_tablet": {
                                            "unit": "%",
                                            "size": "",
                                            "sizes": []
                                        },
                                        "_background_hover_color_stop_mobile": {
                                            "unit": "%",
                                            "size": "",
                                            "sizes": []
                                        },
                                        "_background_hover_color_b_stop_tablet": {
                                            "unit": "%",
                                            "size": "",
                                            "sizes": []
                                        },
                                        "_background_hover_color_b_stop_mobile": {
                                            "unit": "%",
                                            "size": "",
                                            "sizes": []
                                        },
                                        "_background_hover_gradient_angle_tablet": {
                                            "unit": "deg",
                                            "size": "",
                                            "sizes": []
                                        },
                                        "_background_hover_gradient_angle_mobile": {
                                            "unit": "deg",
                                            "size": "",
                                            "sizes": []
                                        },
                                        "_background_hover_gradient_position_tablet": "center center",
                                        "_background_hover_gradient_position_mobile": "center center"
                                    },
                                    "elements": [],
                                    "isInner": false,
                                    "widgetType": "icon-list",
                                    "elType": "widget"
                                }
                            ],
                            "isInner": true,
                            "elType": "container"
                        }
                    ],
                    "isInner": true,
                    "elType": "container"
                },
                {
                    "id": "59d5c65c",
                    "settings": {
                        "flex_direction": "column",
                        "margin": {
                            "unit": "px",
                            "top": "-5",
                            "right": "0",
                            "bottom": "0",
                            "left": "0",
                            "isLinked": false
                        },
                        "padding": {
                            "unit": "px",
                            "top": "0",
                            "right": "0",
                            "bottom": "0",
                            "left": "0",
                            "isLinked": false
                        },
                        "margin_tablet": {
                            "unit": "px",
                            "top": "-6",
                            "right": "0",
                            "bottom": "0",
                            "left": "0",
                            "isLinked": false
                        },
                        "padding_tablet": {
                            "unit": "px",
                            "top": "0",
                            "right": "0",
                            "bottom": "0",
                            "left": "0",
                            "isLinked": false
                        }
                    },
                    "elements": [
                        {
                            "id": "541f62e6",
                            "settings": {
                                "margin": {
                                    "unit": "px",
                                    "top": "0",
                                    "right": "0",
                                    "bottom": "0",
                                    "left": "0",
                                    "isLinked": false
                                },
                                "padding": {
                                    "unit": "px",
                                    "top": "0",
                                    "right": "0",
                                    "bottom": "0",
                                    "left": "0",
                                    "isLinked": false
                                }
                            },
                            "elements": [
                                {
                                    "id": "24b02851",
                                    "settings": {
                                        "title": "Get In Touch",
                                        "align_mobile": "center",
                                        "__globals__": {
                                            "title_color": "globals\/colors?id=primary",
                                            "typography_typography": "globals\/typography?id=23f34e7"
                                        },
                                        "_background_color_stop_tablet": {
                                            "unit": "%",
                                            "size": "",
                                            "sizes": []
                                        },
                                        "_background_color_stop_mobile": {
                                            "unit": "%",
                                            "size": "",
                                            "sizes": []
                                        },
                                        "_background_color_b_stop_tablet": {
                                            "unit": "%",
                                            "size": "",
                                            "sizes": []
                                        },
                                        "_background_color_b_stop_mobile": {
                                            "unit": "%",
                                            "size": "",
                                            "sizes": []
                                        },
                                        "_background_gradient_angle_tablet": {
                                            "unit": "deg",
                                            "size": "",
                                            "sizes": []
                                        },
                                        "_background_gradient_angle_mobile": {
                                            "unit": "deg",
                                            "size": "",
                                            "sizes": []
                                        },
                                        "_background_gradient_position_tablet": "center center",
                                        "_background_gradient_position_mobile": "center center",
                                        "_background_hover_color_stop_tablet": {
                                            "unit": "%",
                                            "size": "",
                                            "sizes": []
                                        },
                                        "_background_hover_color_stop_mobile": {
                                            "unit": "%",
                                            "size": "",
                                            "sizes": []
                                        },
                                        "_background_hover_color_b_stop_tablet": {
                                            "unit": "%",
                                            "size": "",
                                            "sizes": []
                                        },
                                        "_background_hover_color_b_stop_mobile": {
                                            "unit": "%",
                                            "size": "",
                                            "sizes": []
                                        },
                                        "_background_hover_gradient_angle_tablet": {
                                            "unit": "deg",
                                            "size": "",
                                            "sizes": []
                                        },
                                        "_background_hover_gradient_angle_mobile": {
                                            "unit": "deg",
                                            "size": "",
                                            "sizes": []
                                        },
                                        "_background_hover_gradient_position_tablet": "center center",
                                        "_background_hover_gradient_position_mobile": "center center"
                                    },
                                    "elements": [],
                                    "isInner": false,
                                    "widgetType": "heading",
                                    "elType": "widget"
                                }
                            ],
                            "isInner": true,
                            "elType": "container"
                        },
                        {
                            "id": "6b216e9a",
                            "settings": {
                                "margin": {
                                    "unit": "px",
                                    "top": "0",
                                    "right": "0",
                                    "bottom": "0",
                                    "left": "0",
                                    "isLinked": false
                                },
                                "padding": {
                                    "unit": "px",
                                    "top": "0",
                                    "right": "0",
                                    "bottom": "0",
                                    "left": "0",
                                    "isLinked": false
                                }
                            },
                            "elements": [
                                {
                                    "id": "6edaef84",
                                    "settings": {
                                        "icon_list": [
                                            {
                                                "text": "(+62) 123-4567",
                                                "selected_icon": {
                                                    "value": "jki jki-phone-line",
                                                    "library": "jkiticon"
                                                },
                                                "_id": "a298aba"
                                            },
                                            {
                                                "text": "mail@outspace.com",
                                                "selected_icon": {
                                                    "value": "jki jki-envelope-solid",
                                                    "library": "jkiticon"
                                                },
                                                "_id": "3d2ce27"
                                            },
                                            {
                                                "text": "122 Maple St., New York",
                                                "selected_icon": {
                                                    "value": "jki jki-map-marker-alt-solid",
                                                    "library": "jkiticon"
                                                },
                                                "_id": "8d07d42"
                                            }
                                        ],
                                        "space_between": {
                                            "unit": "px",
                                            "size": 8,
                                            "sizes": []
                                        },
                                        "icon_align_mobile": "center",
                                        "__globals__": {
                                            "text_color": "globals\/colors?id=primary",
                                            "text_color_hover": "",
                                            "icon_color": "globals\/colors?id=accent",
                                            "icon_typography_typography": "globals\/typography?id=c42e1bb"
                                        },
                                        "_margin": {
                                            "unit": "px",
                                            "top": "0",
                                            "right": "65",
                                            "bottom": "0",
                                            "left": "0",
                                            "isLinked": false
                                        },
                                        "_margin_tablet": {
                                            "unit": "px",
                                            "top": "0",
                                            "right": "0",
                                            "bottom": "0",
                                            "left": "0",
                                            "isLinked": false
                                        },
                                        "_background_color_stop_tablet": {
                                            "unit": "%",
                                            "size": "",
                                            "sizes": []
                                        },
                                        "_background_color_stop_mobile": {
                                            "unit": "%",
                                            "size": "",
                                            "sizes": []
                                        },
                                        "_background_color_b_stop_tablet": {
                                            "unit": "%",
                                            "size": "",
                                            "sizes": []
                                        },
                                        "_background_color_b_stop_mobile": {
                                            "unit": "%",
                                            "size": "",
                                            "sizes": []
                                        },
                                        "_background_gradient_angle_tablet": {
                                            "unit": "deg",
                                            "size": "",
                                            "sizes": []
                                        },
                                        "_background_gradient_angle_mobile": {
                                            "unit": "deg",
                                            "size": "",
                                            "sizes": []
                                        },
                                        "_background_gradient_position_tablet": "center center",
                                        "_background_gradient_position_mobile": "center center",
                                        "_background_hover_color_stop_tablet": {
                                            "unit": "%",
                                            "size": "",
                                            "sizes": []
                                        },
                                        "_background_hover_color_stop_mobile": {
                                            "unit": "%",
                                            "size": "",
                                            "sizes": []
                                        },
                                        "_background_hover_color_b_stop_tablet": {
                                            "unit": "%",
                                            "size": "",
                                            "sizes": []
                                        },
                                        "_background_hover_color_b_stop_mobile": {
                                            "unit": "%",
                                            "size": "",
                                            "sizes": []
                                        },
                                        "_background_hover_gradient_angle_tablet": {
                                            "unit": "deg",
                                            "size": "",
                                            "sizes": []
                                        },
                                        "_background_hover_gradient_angle_mobile": {
                                            "unit": "deg",
                                            "size": "",
                                            "sizes": []
                                        },
                                        "_background_hover_gradient_position_tablet": "center center",
                                        "_background_hover_gradient_position_mobile": "center center"
                                    },
                                    "elements": [],
                                    "isInner": false,
                                    "widgetType": "icon-list",
                                    "elType": "widget"
                                }
                            ],
                            "isInner": true,
                            "elType": "container"
                        }
                    ],
                    "isInner": true,
                    "elType": "container"
                }
            ],
            "isInner": false,
            "elType": "container"
        },
        {
            "id": "28dd62f3",
            "settings": {
                "flex_direction": "column",
                "background_background": "classic",
                "margin": {
                    "unit": "px",
                    "top": "0",
                    "right": "0",
                    "bottom": "0",
                    "left": "0",
                    "isLinked": false
                },
                "padding": {
                    "unit": "px",
                    "top": "10",
                    "right": "0",
                    "bottom": "10",
                    "left": "0",
                    "isLinked": false
                },
                "padding_mobile": {
                    "unit": "px",
                    "top": "10",
                    "right": "0",
                    "bottom": "10",
                    "left": "0",
                    "isLinked": false
                },
                "__globals__": {
                    "background_color": "globals\/colors?id=accent"
                }
            },
            "elements": [
                {
                    "id": "5cd5e227",
                    "settings": {
                        "editor": "<p>Copyright \u00a9 2024 All rights reserved<\/p>",
                        "align": "center",
                        "align_tablet": "center",
                        "_margin": {
                            "unit": "px",
                            "top": "0",
                            "right": "0",
                            "bottom": "-12",
                            "left": "0",
                            "isLinked": false
                        },
                        "_padding": {
                            "unit": "px",
                            "top": "0",
                            "right": "0",
                            "bottom": "0",
                            "left": "0",
                            "isLinked": false
                        },
                        "__globals__": {
                            "text_color": "globals\/colors?id=primary",
                            "typography_typography": "globals\/typography?id=c42e1bb"
                        },
                        "_background_color_stop_tablet": {
                            "unit": "%",
                            "size": "",
                            "sizes": []
                        },
                        "_background_color_stop_mobile": {
                            "unit": "%",
                            "size": "",
                            "sizes": []
                        },
                        "_background_color_b_stop_tablet": {
                            "unit": "%",
                            "size": "",
                            "sizes": []
                        },
                        "_background_color_b_stop_mobile": {
                            "unit": "%",
                            "size": "",
                            "sizes": []
                        },
                        "_background_gradient_angle_tablet": {
                            "unit": "deg",
                            "size": "",
                            "sizes": []
                        },
                        "_background_gradient_angle_mobile": {
                            "unit": "deg",
                            "size": "",
                            "sizes": []
                        },
                        "_background_gradient_position_tablet": "center center",
                        "_background_gradient_position_mobile": "center center",
                        "_background_hover_color_stop_tablet": {
                            "unit": "%",
                            "size": "",
                            "sizes": []
                        },
                        "_background_hover_color_stop_mobile": {
                            "unit": "%",
                            "size": "",
                            "sizes": []
                        },
                        "_background_hover_color_b_stop_tablet": {
                            "unit": "%",
                            "size": "",
                            "sizes": []
                        },
                        "_background_hover_color_b_stop_mobile": {
                            "unit": "%",
                            "size": "",
                            "sizes": []
                        },
                        "_background_hover_gradient_angle_tablet": {
                            "unit": "deg",
                            "size": "",
                            "sizes": []
                        },
                        "_background_hover_gradient_angle_mobile": {
                            "unit": "deg",
                            "size": "",
                            "sizes": []
                        },
                        "_background_hover_gradient_position_tablet": "center center",
                        "_background_hover_gradient_position_mobile": "center center"
                    },
                    "elements": [],
                    "isInner": false,
                    "widgetType": "text-editor",
                    "elType": "widget"
                }
            ],
            "isInner": false,
            "elType": "container"
        }
    ]
}