{
    "version": "0.4",
    "title": "Gallery",
    "type": "page",
    "metadata": {
        "template_type": "single-page",
        "include_in_zip": "1",
        "elementor_pro_required": null,
        "wp_page_template": "elementor_header_footer"
    },
    "content": [
        {
            "id": "11da7caa",
            "settings": {
                "flex_direction": "row",
                "flex_direction_mobile": "column",
                "background_background": "classic",
                "background_color_stop": {
                    "unit": "%",
                    "size": 2,
                    "sizes": []
                },
                "background_color_b": "",
                "background_color_b_stop": {
                    "unit": "%",
                    "size": 27,
                    "sizes": []
                },
                "background_gradient_angle": {
                    "unit": "deg",
                    "size": 120,
                    "sizes": []
                },
                "margin": {
                    "unit": "px",
                    "top": "0",
                    "right": "0",
                    "bottom": "0",
                    "left": "0",
                    "isLinked": false
                },
                "padding": {
                    "unit": "px",
                    "top": "270",
                    "right": "40",
                    "bottom": "160",
                    "left": "40",
                    "isLinked": false
                },
                "padding_tablet": {
                    "unit": "px",
                    "top": "180",
                    "right": "30",
                    "bottom": "120",
                    "left": "30",
                    "isLinked": false
                },
                "padding_mobile": {
                    "unit": "px",
                    "top": "200",
                    "right": "20",
                    "bottom": "160",
                    "left": "20",
                    "isLinked": false
                },
                "flex_justify_content": "center",
                "flex_align_items": "center",
                "background_image": {
                    "url": "https:\/\/kitpro.site\/coworking\/wp-content\/uploads\/sites\/296\/2024\/12\/background-1-1.png",
                    "id": 1055,
                    "size": "",
                    "alt": "",
                    "source": "library"
                },
                "background_position": "center center",
                "background_repeat": "no-repeat",
                "background_size": "cover",
                "border_radius": {
                    "unit": "px",
                    "top": "0",
                    "right": "0",
                    "bottom": "0",
                    "left": "75",
                    "isLinked": false
                },
                "border_radius_mobile": {
                    "unit": "px",
                    "top": "0",
                    "right": "0",
                    "bottom": "0",
                    "left": "0",
                    "isLinked": false
                }
            },
            "elements": [
                {
                    "id": "635510f2",
                    "settings": {
                        "content_width": "full",
                        "width": {
                            "unit": "%",
                            "size": 90,
                            "sizes": []
                        },
                        "border_width": {
                            "unit": "px",
                            "top": "0",
                            "right": "1",
                            "bottom": "0",
                            "left": "0",
                            "isLinked": false
                        },
                        "border_color": "#FFFFFF4D",
                        "margin": {
                            "unit": "px",
                            "top": "0",
                            "right": "0",
                            "bottom": "0",
                            "left": "0",
                            "isLinked": false
                        },
                        "padding": {
                            "unit": "px",
                            "top": "0",
                            "right": "0",
                            "bottom": "0",
                            "left": "0",
                            "isLinked": false
                        },
                        "width_tablet": {
                            "unit": "%",
                            "size": 90,
                            "sizes": []
                        },
                        "width_mobile": {
                            "unit": "%",
                            "size": "",
                            "sizes": []
                        },
                        "border_width_mobile": {
                            "unit": "px",
                            "top": "0",
                            "right": "0",
                            "bottom": "0",
                            "left": "0",
                            "isLinked": false
                        },
                        "padding_mobile": {
                            "unit": "px",
                            "top": "0",
                            "right": "0",
                            "bottom": "0",
                            "left": "0",
                            "isLinked": false
                        },
                        "margin_tablet": {
                            "unit": "px",
                            "top": "45",
                            "right": "0",
                            "bottom": "0",
                            "left": "0",
                            "isLinked": false
                        },
                        "margin_mobile": {
                            "unit": "px",
                            "top": "0",
                            "right": "0",
                            "bottom": "0",
                            "left": "0",
                            "isLinked": false
                        }
                    },
                    "elements": [
                        {
                            "id": "451f4cda",
                            "settings": {
                                "sg_title_before": "Our ",
                                "sg_title_focused": "Gallery",
                                "sg_title_text": "Trending Stories And Another Stories",
                                "sg_title_border_enable": "",
                                "sg_title_float_left": "",
                                "sg_subtitle_heading": "Lorem ipsum dolor set amet",
                                "sg_shadow_content": "news",
                                "sg_separator_enable": "",
                                "st_focused_typography_content_typography_typography": "custom",
                                "st_focused_typography_content_typography_font_family": "Exo",
                                "st_focused_typography_content_typography_font_size": {
                                    "unit": "em",
                                    "size": 1,
                                    "sizes": []
                                },
                                "st_focused_typography_content_typography_font_size_tablet": {
                                    "unit": "em",
                                    "size": "",
                                    "sizes": []
                                },
                                "st_focused_typography_content_typography_font_size_mobile": {
                                    "unit": "em",
                                    "size": "",
                                    "sizes": []
                                },
                                "st_focused_typography_content_typography_font_weight": "500",
                                "st_focused_typography_content_typography_line_height": {
                                    "unit": "em",
                                    "size": 1.1,
                                    "sizes": []
                                },
                                "st_general_alignment_responsive_mobile": "center",
                                "__globals__": {
                                    "st_title_typography_content_typography_typography": "globals\/typography?id=bfd1ebc",
                                    "st_title_color_responsive": "globals\/colors?id=primary",
                                    "st_focused_color_responsive": "globals\/colors?id=accent"
                                },
                                "st_general_alignment_responsive": "center",
                                "_margin_tablet": {
                                    "unit": "px",
                                    "top": "0",
                                    "right": "0",
                                    "bottom": "-18",
                                    "left": "0",
                                    "isLinked": false
                                }
                            },
                            "elements": [],
                            "isInner": false,
                            "widgetType": "jkit_heading",
                            "elType": "widget"
                        },
                        {
                            "id": "65893c48",
                            "settings": {
                                "align": "center",
                                "_margin": {
                                    "unit": "px",
                                    "top": "0",
                                    "right": "0",
                                    "bottom": "0",
                                    "left": "0",
                                    "isLinked": false
                                },
                                "_padding": {
                                    "unit": "px",
                                    "top": "0",
                                    "right": "250",
                                    "bottom": "0",
                                    "left": "250",
                                    "isLinked": false
                                },
                                "__globals__": {
                                    "text_color": "globals\/colors?id=primary",
                                    "typography_typography": ""
                                },
                                "_padding_tablet": {
                                    "unit": "px",
                                    "top": "0",
                                    "right": "0",
                                    "bottom": "0",
                                    "left": "0",
                                    "isLinked": false
                                },
                                "text_color": "#FFFFFF",
                                "typography_font_family": "Roboto",
                                "typography_font_size": {
                                    "unit": "em",
                                    "size": 1.1,
                                    "sizes": []
                                },
                                "typography_font_size_tablet": {
                                    "unit": "em",
                                    "size": 1,
                                    "sizes": []
                                },
                                "typography_font_size_mobile": {
                                    "unit": "em",
                                    "size": 1,
                                    "sizes": []
                                },
                                "typography_font_weight": "400",
                                "typography_line_height": {
                                    "unit": "em",
                                    "size": 1.3,
                                    "sizes": []
                                },
                                "typography_line_height_tablet": {
                                    "unit": "em",
                                    "size": 1.2,
                                    "sizes": []
                                },
                                "typography_line_height_mobile": {
                                    "unit": "em",
                                    "size": 1.2,
                                    "sizes": []
                                }
                            },
                            "elements": [],
                            "isInner": false,
                            "widgetType": "text-editor",
                            "elType": "widget"
                        }
                    ],
                    "isInner": true,
                    "elType": "container"
                }
            ],
            "isInner": false,
            "elType": "container"
        },
        {
            "id": "1afb2d32",
            "settings": {
                "content_width": "full",
                "padding": {
                    "unit": "px",
                    "top": "120",
                    "right": "0",
                    "bottom": "60",
                    "left": "0",
                    "isLinked": false
                },
                "width_mobile": {
                    "unit": "%",
                    "size": "",
                    "sizes": []
                },
                "margin": {
                    "unit": "px",
                    "top": "0",
                    "right": "0",
                    "bottom": "0",
                    "left": "0",
                    "isLinked": false
                },
                "margin_tablet": {
                    "unit": "px",
                    "top": "0",
                    "right": "0",
                    "bottom": "0",
                    "left": "0",
                    "isLinked": false
                },
                "margin_mobile": {
                    "unit": "px",
                    "top": "0",
                    "right": "0",
                    "bottom": "0",
                    "left": "0",
                    "isLinked": false
                },
                "padding_tablet": {
                    "unit": "px",
                    "top": "120",
                    "right": "30",
                    "bottom": "60",
                    "left": "30",
                    "isLinked": false
                },
                "padding_mobile": {
                    "unit": "px",
                    "top": "120",
                    "right": "20",
                    "bottom": "60",
                    "left": "20",
                    "isLinked": false
                }
            },
            "elements": [
                {
                    "id": "21d1463c",
                    "settings": {
                        "flex_direction": "column",
                        "flex_justify_content": "center",
                        "margin": {
                            "unit": "px",
                            "top": "0",
                            "right": "0",
                            "bottom": "0",
                            "left": "0",
                            "isLinked": false
                        },
                        "padding": {
                            "unit": "px",
                            "top": "0",
                            "right": "0",
                            "bottom": "0",
                            "left": "0",
                            "isLinked": false
                        }
                    },
                    "elements": [
                        {
                            "id": "55556a48",
                            "settings": {
                                "content_width": "full",
                                "flex_direction": "row",
                                "margin": {
                                    "unit": "px",
                                    "top": "0",
                                    "right": "0",
                                    "bottom": "0",
                                    "left": "0",
                                    "isLinked": false
                                },
                                "padding": {
                                    "unit": "px",
                                    "top": "0",
                                    "right": "0",
                                    "bottom": "0",
                                    "left": "0",
                                    "isLinked": false
                                }
                            },
                            "elements": [
                                {
                                    "id": "3149414",
                                    "settings": {
                                        "content_width": "full",
                                        "margin": {
                                            "unit": "px",
                                            "top": "0",
                                            "right": "0",
                                            "bottom": "0",
                                            "left": "0",
                                            "isLinked": false
                                        },
                                        "padding": {
                                            "unit": "px",
                                            "top": "0",
                                            "right": "0",
                                            "bottom": "0",
                                            "left": "0",
                                            "isLinked": false
                                        }
                                    },
                                    "elements": [
                                        {
                                            "id": "60708279",
                                            "settings": {
                                                "ekit_team_style": "overlay",
                                                "ekit_team_image": {
                                                    "url": "https:\/\/kitpro.site\/coworking\/wp-content\/uploads\/sites\/296\/2024\/12\/serious-coworkers-with-laptop-discussing-business-2023-11-27-05-26-37-utc-1.jpg",
                                                    "id": 1833,
                                                    "size": "",
                                                    "alt": "",
                                                    "source": "library"
                                                },
                                                "ekit_team_name": "Discuss Room",
                                                "ekit_team_position": "",
                                                "ekit_team_short_description": "A small river named Duden flows by their place and supplies it with the necessary",
                                                "ekit_team_socail_enable": "",
                                                "ekit_team_social_icons": [
                                                    {
                                                        "ekit_team_label": "Facebook",
                                                        "_id": "048cc89"
                                                    },
                                                    {
                                                        "ekit_team_label": "Twitter",
                                                        "ekit_team_icons": {
                                                            "value": "icon icon-twitter",
                                                            "library": "ekiticons"
                                                        },
                                                        "ekit_team_socialmedia_icon_hover_bg_color": "#1da1f2",
                                                        "_id": "f6b88b3"
                                                    },
                                                    {
                                                        "ekit_team_label": "Pinterest",
                                                        "ekit_team_icons": {
                                                            "value": "icon icon-pinterest",
                                                            "library": "ekiticons"
                                                        },
                                                        "ekit_team_socialmedia_icon_hover_bg_color": "#e60023",
                                                        "_id": "6841ef3"
                                                    }
                                                ],
                                                "ekit_team_chose_popup": "",
                                                "ekit_team_description": "A small river named Duden flows by their place and supplies it with the necessary",
                                                "ekit_team_phone": "",
                                                "ekit_team_email": "",
                                                "__globals__": {
                                                    "ekit_team_name_typography_typography": "globals\/typography?id=c814bfc"
                                                },
                                                "ekit_team_content_border_radius": {
                                                    "unit": "px",
                                                    "top": "20",
                                                    "right": "20",
                                                    "bottom": "20",
                                                    "left": "20",
                                                    "isLinked": true
                                                }
                                            },
                                            "elements": [],
                                            "isInner": false,
                                            "widgetType": "elementskit-team",
                                            "elType": "widget"
                                        }
                                    ],
                                    "isInner": true,
                                    "elType": "container"
                                },
                                {
                                    "id": "295e22ba",
                                    "settings": {
                                        "content_width": "full",
                                        "margin": {
                                            "unit": "px",
                                            "top": "0",
                                            "right": "0",
                                            "bottom": "0",
                                            "left": "0",
                                            "isLinked": false
                                        },
                                        "padding": {
                                            "unit": "px",
                                            "top": "0",
                                            "right": "0",
                                            "bottom": "0",
                                            "left": "0",
                                            "isLinked": false
                                        }
                                    },
                                    "elements": [
                                        {
                                            "id": "177bd2a7",
                                            "settings": {
                                                "ekit_team_style": "overlay",
                                                "ekit_team_image": {
                                                    "url": "https:\/\/kitpro.site\/coworking\/wp-content\/uploads\/sites\/296\/2024\/12\/young-coworkers-sitting-by-desk-in-front-of-one-an-2023-11-27-05-08-23-utc.jpg",
                                                    "id": 1820,
                                                    "size": "",
                                                    "alt": "",
                                                    "source": "library"
                                                },
                                                "ekit_team_name": "Focus Room",
                                                "ekit_team_position": "",
                                                "ekit_team_short_description": "A small river named Duden flows by their place and supplies it with the necessary",
                                                "ekit_team_socail_enable": "",
                                                "ekit_team_social_icons": [
                                                    {
                                                        "ekit_team_label": "Facebook",
                                                        "_id": "048cc89"
                                                    },
                                                    {
                                                        "ekit_team_label": "Twitter",
                                                        "ekit_team_icons": {
                                                            "value": "icon icon-twitter",
                                                            "library": "ekiticons"
                                                        },
                                                        "ekit_team_socialmedia_icon_hover_bg_color": "#1da1f2",
                                                        "_id": "f6b88b3"
                                                    },
                                                    {
                                                        "ekit_team_label": "Pinterest",
                                                        "ekit_team_icons": {
                                                            "value": "icon icon-pinterest",
                                                            "library": "ekiticons"
                                                        },
                                                        "ekit_team_socialmedia_icon_hover_bg_color": "#e60023",
                                                        "_id": "6841ef3"
                                                    }
                                                ],
                                                "ekit_team_chose_popup": "",
                                                "ekit_team_description": "A small river named Duden flows by their place and supplies it with the necessary",
                                                "ekit_team_phone": "",
                                                "ekit_team_email": "",
                                                "__globals__": {
                                                    "ekit_team_name_typography_typography": "globals\/typography?id=c814bfc"
                                                },
                                                "ekit_team_content_border_radius": {
                                                    "unit": "px",
                                                    "top": "20",
                                                    "right": "20",
                                                    "bottom": "20",
                                                    "left": "20",
                                                    "isLinked": true
                                                }
                                            },
                                            "elements": [],
                                            "isInner": false,
                                            "widgetType": "elementskit-team",
                                            "elType": "widget"
                                        }
                                    ],
                                    "isInner": true,
                                    "elType": "container"
                                }
                            ],
                            "isInner": true,
                            "elType": "container"
                        },
                        {
                            "id": "247663de",
                            "settings": {
                                "content_width": "full",
                                "flex_direction": "row",
                                "margin": {
                                    "unit": "px",
                                    "top": "0",
                                    "right": "0",
                                    "bottom": "0",
                                    "left": "0",
                                    "isLinked": false
                                },
                                "padding": {
                                    "unit": "px",
                                    "top": "0",
                                    "right": "0",
                                    "bottom": "0",
                                    "left": "0",
                                    "isLinked": false
                                }
                            },
                            "elements": [
                                {
                                    "id": "f7a55f",
                                    "settings": {
                                        "content_width": "full",
                                        "margin": {
                                            "unit": "px",
                                            "top": "0",
                                            "right": "0",
                                            "bottom": "0",
                                            "left": "0",
                                            "isLinked": false
                                        },
                                        "padding": {
                                            "unit": "px",
                                            "top": "0",
                                            "right": "0",
                                            "bottom": "0",
                                            "left": "0",
                                            "isLinked": false
                                        },
                                        "width": {
                                            "unit": "%",
                                            "size": 100,
                                            "sizes": []
                                        }
                                    },
                                    "elements": [
                                        {
                                            "id": "100eef7e",
                                            "settings": {
                                                "ekit_team_style": "overlay",
                                                "ekit_team_image": {
                                                    "url": "https:\/\/kitpro.site\/coworking\/wp-content\/uploads\/sites\/296\/2024\/12\/office-with-furniture-work-desk-and-laptop-2023-11-27-05-15-00-utc.jpg",
                                                    "id": 1787,
                                                    "size": "",
                                                    "alt": "",
                                                    "source": "library"
                                                },
                                                "ekit_team_thumbnail_size": "full",
                                                "ekit_team_name": "Private Room",
                                                "ekit_team_position": "",
                                                "ekit_team_short_description": "A small river named Duden flows by their place and supplies it with the necessary",
                                                "ekit_team_socail_enable": "",
                                                "ekit_team_social_icons": [
                                                    {
                                                        "ekit_team_label": "Facebook",
                                                        "_id": "048cc89"
                                                    },
                                                    {
                                                        "ekit_team_label": "Twitter",
                                                        "ekit_team_icons": {
                                                            "value": "icon icon-twitter",
                                                            "library": "ekiticons"
                                                        },
                                                        "ekit_team_socialmedia_icon_hover_bg_color": "#1da1f2",
                                                        "_id": "f6b88b3"
                                                    },
                                                    {
                                                        "ekit_team_label": "Pinterest",
                                                        "ekit_team_icons": {
                                                            "value": "icon icon-pinterest",
                                                            "library": "ekiticons"
                                                        },
                                                        "ekit_team_socialmedia_icon_hover_bg_color": "#e60023",
                                                        "_id": "6841ef3"
                                                    }
                                                ],
                                                "ekit_team_chose_popup": "",
                                                "ekit_team_description": "A small river named Duden flows by their place and supplies it with the necessary",
                                                "ekit_team_phone": "",
                                                "ekit_team_email": "",
                                                "__globals__": {
                                                    "ekit_team_name_typography_typography": "globals\/typography?id=c814bfc"
                                                },
                                                "ekit_team_content_border_radius": {
                                                    "unit": "px",
                                                    "top": "20",
                                                    "right": "20",
                                                    "bottom": "20",
                                                    "left": "20",
                                                    "isLinked": true
                                                }
                                            },
                                            "elements": [],
                                            "isInner": false,
                                            "widgetType": "elementskit-team",
                                            "elType": "widget"
                                        }
                                    ],
                                    "isInner": true,
                                    "elType": "container"
                                },
                                {
                                    "id": "53b9e1dc",
                                    "settings": {
                                        "content_width": "full",
                                        "width": {
                                            "unit": "%",
                                            "size": 57,
                                            "sizes": []
                                        },
                                        "min_height": {
                                            "unit": "px",
                                            "size": 0,
                                            "sizes": []
                                        },
                                        "margin": {
                                            "unit": "px",
                                            "top": "0",
                                            "right": "0",
                                            "bottom": "0",
                                            "left": "0",
                                            "isLinked": false
                                        },
                                        "padding": {
                                            "unit": "px",
                                            "top": "0",
                                            "right": "0",
                                            "bottom": "0",
                                            "left": "0",
                                            "isLinked": false
                                        }
                                    },
                                    "elements": [
                                        {
                                            "id": "72a71df6",
                                            "settings": {
                                                "content_width": "full",
                                                "min_height": {
                                                    "unit": "px",
                                                    "size": 0,
                                                    "sizes": []
                                                },
                                                "margin": {
                                                    "unit": "px",
                                                    "top": "0",
                                                    "right": "0",
                                                    "bottom": "0",
                                                    "left": "0",
                                                    "isLinked": false
                                                },
                                                "padding": {
                                                    "unit": "px",
                                                    "top": "0",
                                                    "right": "0",
                                                    "bottom": "0",
                                                    "left": "0",
                                                    "isLinked": false
                                                }
                                            },
                                            "elements": [
                                                {
                                                    "id": "5d088623",
                                                    "settings": {
                                                        "ekit_team_style": "overlay",
                                                        "ekit_team_image": {
                                                            "url": "https:\/\/kitpro.site\/outspace\/wp-content\/uploads\/sites\/296\/2024\/12\/4-1-e1735202920668.jpg",
                                                            "id": 2764,
                                                            "size": "",
                                                            "alt": "",
                                                            "source": "library"
                                                        },
                                                        "ekit_team_thumbnail_size": "full",
                                                        "ekit_team_name": "Event Space",
                                                        "ekit_team_position": "",
                                                        "ekit_team_short_description": "A small river named Duden flows by their place and supplies it with the necessary",
                                                        "ekit_team_socail_enable": "",
                                                        "ekit_team_social_icons": [
                                                            {
                                                                "ekit_team_label": "Facebook",
                                                                "_id": "048cc89"
                                                            },
                                                            {
                                                                "ekit_team_label": "Twitter",
                                                                "ekit_team_icons": {
                                                                    "value": "icon icon-twitter",
                                                                    "library": "ekiticons"
                                                                },
                                                                "ekit_team_socialmedia_icon_hover_bg_color": "#1da1f2",
                                                                "_id": "f6b88b3"
                                                            },
                                                            {
                                                                "ekit_team_label": "Pinterest",
                                                                "ekit_team_icons": {
                                                                    "value": "icon icon-pinterest",
                                                                    "library": "ekiticons"
                                                                },
                                                                "ekit_team_socialmedia_icon_hover_bg_color": "#e60023",
                                                                "_id": "6841ef3"
                                                            }
                                                        ],
                                                        "ekit_team_chose_popup": "",
                                                        "ekit_team_description": "A small river named Duden flows by their place and supplies it with the necessary",
                                                        "ekit_team_phone": "",
                                                        "ekit_team_email": "",
                                                        "__globals__": {
                                                            "ekit_team_name_typography_typography": "globals\/typography?id=c814bfc"
                                                        },
                                                        "ekit_team_content_border_radius": {
                                                            "unit": "px",
                                                            "top": "20",
                                                            "right": "20",
                                                            "bottom": "20",
                                                            "left": "20",
                                                            "isLinked": true
                                                        }
                                                    },
                                                    "elements": [],
                                                    "isInner": false,
                                                    "widgetType": "elementskit-team",
                                                    "elType": "widget"
                                                }
                                            ],
                                            "isInner": true,
                                            "elType": "container"
                                        },
                                        {
                                            "id": "70dc772e",
                                            "settings": {
                                                "content_width": "full",
                                                "min_height": {
                                                    "unit": "px",
                                                    "size": 0,
                                                    "sizes": []
                                                },
                                                "margin": {
                                                    "unit": "px",
                                                    "top": "0",
                                                    "right": "0",
                                                    "bottom": "0",
                                                    "left": "0",
                                                    "isLinked": false
                                                },
                                                "padding": {
                                                    "unit": "px",
                                                    "top": "0",
                                                    "right": "0",
                                                    "bottom": "0",
                                                    "left": "0",
                                                    "isLinked": false
                                                }
                                            },
                                            "elements": [
                                                {
                                                    "id": "273dbdb9",
                                                    "settings": {
                                                        "ekit_team_style": "overlay",
                                                        "ekit_team_image": {
                                                            "url": "https:\/\/kitpro.site\/coworking\/wp-content\/uploads\/sites\/296\/2024\/12\/staying-organized-is-staying-productive-2024-10-12-00-33-49-utc-e1734405756385.jpg",
                                                            "id": 1834,
                                                            "size": "",
                                                            "alt": "",
                                                            "source": "library"
                                                        },
                                                        "ekit_team_thumbnail_size": "full",
                                                        "ekit_team_name": "Discuss Room",
                                                        "ekit_team_position": "",
                                                        "ekit_team_short_description": "A small river named Duden flows by their place and supplies it with the necessary",
                                                        "ekit_team_socail_enable": "",
                                                        "ekit_team_social_icons": [
                                                            {
                                                                "ekit_team_label": "Facebook",
                                                                "_id": "048cc89"
                                                            },
                                                            {
                                                                "ekit_team_label": "Twitter",
                                                                "ekit_team_icons": {
                                                                    "value": "icon icon-twitter",
                                                                    "library": "ekiticons"
                                                                },
                                                                "ekit_team_socialmedia_icon_hover_bg_color": "#1da1f2",
                                                                "_id": "f6b88b3"
                                                            },
                                                            {
                                                                "ekit_team_label": "Pinterest",
                                                                "ekit_team_icons": {
                                                                    "value": "icon icon-pinterest",
                                                                    "library": "ekiticons"
                                                                },
                                                                "ekit_team_socialmedia_icon_hover_bg_color": "#e60023",
                                                                "_id": "6841ef3"
                                                            }
                                                        ],
                                                        "ekit_team_chose_popup": "",
                                                        "ekit_team_description": "A small river named Duden flows by their place and supplies it with the necessary",
                                                        "ekit_team_phone": "",
                                                        "ekit_team_email": "",
                                                        "__globals__": {
                                                            "ekit_team_name_typography_typography": "globals\/typography?id=c814bfc"
                                                        },
                                                        "ekit_team_content_border_radius": {
                                                            "unit": "px",
                                                            "top": "20",
                                                            "right": "20",
                                                            "bottom": "20",
                                                            "left": "20",
                                                            "isLinked": true
                                                        }
                                                    },
                                                    "elements": [],
                                                    "isInner": false,
                                                    "widgetType": "elementskit-team",
                                                    "elType": "widget"
                                                }
                                            ],
                                            "isInner": true,
                                            "elType": "container"
                                        }
                                    ],
                                    "isInner": true,
                                    "elType": "container"
                                }
                            ],
                            "isInner": true,
                            "elType": "container"
                        },
                        {
                            "id": "76a70eaa",
                            "settings": {
                                "content_width": "full",
                                "flex_direction": "row",
                                "margin": {
                                    "unit": "px",
                                    "top": "0",
                                    "right": "0",
                                    "bottom": "0",
                                    "left": "0",
                                    "isLinked": false
                                },
                                "padding": {
                                    "unit": "px",
                                    "top": "0",
                                    "right": "0",
                                    "bottom": "0",
                                    "left": "0",
                                    "isLinked": false
                                }
                            },
                            "elements": [
                                {
                                    "id": "51a91584",
                                    "settings": {
                                        "content_width": "full",
                                        "margin": {
                                            "unit": "px",
                                            "top": "0",
                                            "right": "0",
                                            "bottom": "0",
                                            "left": "0",
                                            "isLinked": false
                                        },
                                        "padding": {
                                            "unit": "px",
                                            "top": "0",
                                            "right": "0",
                                            "bottom": "0",
                                            "left": "0",
                                            "isLinked": false
                                        }
                                    },
                                    "elements": [
                                        {
                                            "id": "13f9c7c5",
                                            "settings": {
                                                "ekit_team_style": "overlay",
                                                "ekit_team_image": {
                                                    "url": "https:\/\/kitpro.site\/outspace\/wp-content\/uploads\/sites\/296\/2024\/12\/5-e1735202170403.jpg",
                                                    "id": 2753,
                                                    "size": "",
                                                    "alt": "",
                                                    "source": "library"
                                                },
                                                "ekit_team_thumbnail_size": "full",
                                                "ekit_team_name": "Meeting Room",
                                                "ekit_team_position": "",
                                                "ekit_team_short_description": "A small river named Duden flows by their place and supplies it with the necessary",
                                                "ekit_team_socail_enable": "",
                                                "ekit_team_social_icons": [
                                                    {
                                                        "ekit_team_label": "Facebook",
                                                        "_id": "048cc89"
                                                    },
                                                    {
                                                        "ekit_team_label": "Twitter",
                                                        "ekit_team_icons": {
                                                            "value": "icon icon-twitter",
                                                            "library": "ekiticons"
                                                        },
                                                        "ekit_team_socialmedia_icon_hover_bg_color": "#1da1f2",
                                                        "_id": "f6b88b3"
                                                    },
                                                    {
                                                        "ekit_team_label": "Pinterest",
                                                        "ekit_team_icons": {
                                                            "value": "icon icon-pinterest",
                                                            "library": "ekiticons"
                                                        },
                                                        "ekit_team_socialmedia_icon_hover_bg_color": "#e60023",
                                                        "_id": "6841ef3"
                                                    }
                                                ],
                                                "ekit_team_chose_popup": "",
                                                "ekit_team_description": "A small river named Duden flows by their place and supplies it with the necessary",
                                                "ekit_team_phone": "",
                                                "ekit_team_email": "",
                                                "__globals__": {
                                                    "ekit_team_name_typography_typography": "globals\/typography?id=c814bfc"
                                                },
                                                "ekit_team_content_border_radius": {
                                                    "unit": "px",
                                                    "top": "20",
                                                    "right": "20",
                                                    "bottom": "20",
                                                    "left": "20",
                                                    "isLinked": true
                                                }
                                            },
                                            "elements": [],
                                            "isInner": false,
                                            "widgetType": "elementskit-team",
                                            "elType": "widget"
                                        }
                                    ],
                                    "isInner": true,
                                    "elType": "container"
                                },
                                {
                                    "id": "1d79024f",
                                    "settings": {
                                        "content_width": "full",
                                        "margin": {
                                            "unit": "px",
                                            "top": "0",
                                            "right": "0",
                                            "bottom": "0",
                                            "left": "0",
                                            "isLinked": false
                                        },
                                        "padding": {
                                            "unit": "px",
                                            "top": "0",
                                            "right": "0",
                                            "bottom": "0",
                                            "left": "0",
                                            "isLinked": false
                                        }
                                    },
                                    "elements": [
                                        {
                                            "id": "719ce0e4",
                                            "settings": {
                                                "ekit_team_style": "overlay",
                                                "ekit_team_image": {
                                                    "url": "https:\/\/kitpro.site\/outspace\/wp-content\/uploads\/sites\/296\/2024\/12\/3-1-e1735203195936.jpg",
                                                    "id": 2768,
                                                    "size": "",
                                                    "alt": "",
                                                    "source": "library"
                                                },
                                                "ekit_team_thumbnail_size": "full",
                                                "ekit_team_name": "Event Space",
                                                "ekit_team_position": "",
                                                "ekit_team_short_description": "A small river named Duden flows by their place and supplies it with the necessary",
                                                "ekit_team_socail_enable": "",
                                                "ekit_team_social_icons": [
                                                    {
                                                        "ekit_team_label": "Facebook",
                                                        "_id": "048cc89"
                                                    },
                                                    {
                                                        "ekit_team_label": "Twitter",
                                                        "ekit_team_icons": {
                                                            "value": "icon icon-twitter",
                                                            "library": "ekiticons"
                                                        },
                                                        "ekit_team_socialmedia_icon_hover_bg_color": "#1da1f2",
                                                        "_id": "f6b88b3"
                                                    },
                                                    {
                                                        "ekit_team_label": "Pinterest",
                                                        "ekit_team_icons": {
                                                            "value": "icon icon-pinterest",
                                                            "library": "ekiticons"
                                                        },
                                                        "ekit_team_socialmedia_icon_hover_bg_color": "#e60023",
                                                        "_id": "6841ef3"
                                                    }
                                                ],
                                                "ekit_team_chose_popup": "",
                                                "ekit_team_description": "A small river named Duden flows by their place and supplies it with the necessary",
                                                "ekit_team_phone": "",
                                                "ekit_team_email": "",
                                                "__globals__": {
                                                    "ekit_team_name_typography_typography": "globals\/typography?id=c814bfc"
                                                },
                                                "ekit_team_content_border_radius": {
                                                    "unit": "px",
                                                    "top": "20",
                                                    "right": "20",
                                                    "bottom": "20",
                                                    "left": "20",
                                                    "isLinked": true
                                                }
                                            },
                                            "elements": [],
                                            "isInner": false,
                                            "widgetType": "elementskit-team",
                                            "elType": "widget"
                                        }
                                    ],
                                    "isInner": true,
                                    "elType": "container"
                                }
                            ],
                            "isInner": true,
                            "elType": "container"
                        }
                    ],
                    "isInner": true,
                    "elType": "container"
                }
            ],
            "isInner": true,
            "elType": "container"
        },
        {
            "id": "18e3e84a",
            "settings": {
                "flex_direction": "column",
                "margin": {
                    "unit": "px",
                    "top": "0",
                    "right": "0",
                    "bottom": "0",
                    "left": "0",
                    "isLinked": false
                },
                "margin_mobile": {
                    "unit": "px",
                    "top": "0",
                    "right": "0",
                    "bottom": "0",
                    "left": "0",
                    "isLinked": false
                },
                "padding": {
                    "unit": "px",
                    "top": "60",
                    "right": "0",
                    "bottom": "120",
                    "left": "0",
                    "isLinked": false
                },
                "padding_mobile": {
                    "unit": "px",
                    "top": "60",
                    "right": "20",
                    "bottom": "120",
                    "left": "20",
                    "isLinked": false
                },
                "padding_tablet": {
                    "unit": "px",
                    "top": "60",
                    "right": "30",
                    "bottom": "120",
                    "left": "30",
                    "isLinked": false
                }
            },
            "elements": [
                {
                    "id": "744d501b",
                    "settings": {
                        "content_width": "full",
                        "margin": {
                            "unit": "px",
                            "top": "0",
                            "right": "0",
                            "bottom": "0",
                            "left": "0",
                            "isLinked": false
                        },
                        "padding": {
                            "unit": "px",
                            "top": "0",
                            "right": "0",
                            "bottom": "0",
                            "left": "0",
                            "isLinked": false
                        }
                    },
                    "elements": [
                        {
                            "id": "491269c8",
                            "settings": {
                                "editor": "<p>A well-designed workspace is the foundation of success<\/p>",
                                "align": "center",
                                "__globals__": {
                                    "text_color": "globals\/colors?id=accent",
                                    "typography_typography": ""
                                },
                                "text_color": "#1C9A92",
                                "typography_typography": "custom",
                                "typography_font_family": "Exo",
                                "typography_font_size": {
                                    "unit": "em",
                                    "size": 1.2,
                                    "sizes": []
                                },
                                "typography_font_size_tablet": {
                                    "unit": "em",
                                    "size": 1.2,
                                    "sizes": []
                                },
                                "typography_font_size_mobile": {
                                    "unit": "em",
                                    "size": 1.1,
                                    "sizes": []
                                },
                                "typography_font_weight": "500",
                                "typography_line_height": {
                                    "unit": "em",
                                    "size": 1.3,
                                    "sizes": []
                                },
                                "typography_line_height_tablet": {
                                    "unit": "em",
                                    "size": 1.3,
                                    "sizes": []
                                },
                                "typography_line_height_mobile": {
                                    "unit": "em",
                                    "size": 1.3,
                                    "sizes": []
                                }
                            },
                            "elements": [],
                            "isInner": false,
                            "widgetType": "text-editor",
                            "elType": "widget"
                        },
                        {
                            "id": "4ba08a73",
                            "settings": {
                                "editor": "<p>Folow Along @Outspace<\/p>",
                                "align": "center",
                                "_margin": {
                                    "unit": "px",
                                    "top": "-18",
                                    "right": "0",
                                    "bottom": "0",
                                    "left": "0",
                                    "isLinked": false
                                },
                                "_padding": {
                                    "unit": "px",
                                    "top": "0",
                                    "right": "0",
                                    "bottom": "0",
                                    "left": "0",
                                    "isLinked": false
                                },
                                "__globals__": {
                                    "text_color": "globals\/colors?id=secondary",
                                    "typography_typography": "globals\/typography?id=c42e1bb"
                                }
                            },
                            "elements": [],
                            "isInner": false,
                            "widgetType": "text-editor",
                            "elType": "widget"
                        }
                    ],
                    "isInner": true,
                    "elType": "container"
                },
                {
                    "id": "7c8751ce",
                    "settings": {
                        "wp_gallery": [
                            {
                                "id": 1829,
                                "url": "https:\/\/kitpro.site\/coworking\/wp-content\/uploads\/sites\/296\/2024\/12\/casual-business-meeting-in-a-modern-lounge-area-2024-07-05-17-00-20-utc.jpg"
                            },
                            {
                                "id": 1788,
                                "url": "https:\/\/kitpro.site\/coworking\/wp-content\/uploads\/sites\/296\/2024\/12\/recycling-bins-in-modern-office-2023-11-27-05-02-53-utc.jpg"
                            },
                            {
                                "id": 1774,
                                "url": "https:\/\/kitpro.site\/coworking\/wp-content\/uploads\/sites\/296\/2024\/12\/home-office-interior-in-modern-natural-style-2023-11-27-04-49-21-utc.jpg"
                            },
                            {
                                "id": 1842,
                                "url": "https:\/\/kitpro.site\/coworking\/wp-content\/uploads\/sites\/296\/2024\/12\/group-of-coworkers-in-spacious-workplace-2024-05-08-23-21-20-utc.jpg"
                            },
                            {
                                "id": 1828,
                                "url": "https:\/\/kitpro.site\/coworking\/wp-content\/uploads\/sites\/296\/2024\/12\/businesswoman-leading-a-presentation-in-loft-offic-2024-09-15-22-44-27-utc.jpg"
                            },
                            {
                                "id": 1786,
                                "url": "https:\/\/kitpro.site\/coworking\/wp-content\/uploads\/sites\/296\/2024\/12\/group-of-young-japanese-professionals-working-on-l-2023-11-27-05-20-42-utc.jpg"
                            },
                            {
                                "id": 1820,
                                "url": "https:\/\/kitpro.site\/coworking\/wp-content\/uploads\/sites\/296\/2024\/12\/young-coworkers-sitting-by-desk-in-front-of-one-an-2023-11-27-05-08-23-utc.jpg"
                            }
                        ],
                        "gallery_columns": "7",
                        "gallery_display_caption": "none",
                        "image_spacing": "custom",
                        "image_spacing_custom": {
                            "unit": "px",
                            "size": 10,
                            "sizes": []
                        },
                        "image_border_radius": {
                            "unit": "px",
                            "top": "10",
                            "right": "10",
                            "bottom": "10",
                            "left": "10",
                            "isLinked": true
                        },
                        "_flex_align_self": "center",
                        "thumbnail_size": "medium"
                    },
                    "elements": [],
                    "isInner": false,
                    "widgetType": "image-gallery",
                    "elType": "widget"
                }
            ],
            "isInner": false,
            "elType": "container"
        }
    ]
}