{
    "version": "0.4",
    "title": "Global Kit Styles",
    "type": "section",
    "metadata": {
        "template_type": "global-styles",
        "include_in_zip": "1",
        "elementor_pro_required": null,
        "additional_template_information": [
            "These are the global theme styles configured through the Elementor Theme Styles area."
        ],
        "wp_page_template": "default"
    },
    "content": [],
    "page_settings": {
        "system_colors": [
            {
                "_id": "primary",
                "title": "Primary",
                "color": "#FFFFFF"
            },
            {
                "_id": "secondary",
                "title": "Secondary",
                "color": "#000000"
            },
            {
                "_id": "text",
                "title": "Text",
                "color": "#7A7A7A"
            },
            {
                "_id": "accent",
                "title": "Accent",
                "color": "#1C9A92"
            }
        ],
        "custom_colors": [
            {
                "_id": "afe4413",
                "title": "Line",
                "color": "#FFFFFF4D"
            },
            {
                "_id": "3fabe17",
                "title": "Teks Transparant",
                "color": "#FFFFFFBF"
            },
            {
                "_id": "33431f4",
                "title": "Dark Blue",
                "color": "#0F1A2A"
            },
            {
                "_id": "cb88238",
                "title": "Header",
                "color": "#FFFFFF1A"
            },
            {
                "_id": "adc6af5",
                "title": "Gradation",
                "color": "#0F1A2A80"
            },
            {
                "_id": "d4e37ce",
                "title": "Grey",
                "color": "#C2C2C2"
            },
            {
                "_id": "1d54a6c",
                "title": "Yellow",
                "color": "#FEC42D"
            },
            {
                "_id": "550722f",
                "title": "Transparant",
                "color": "#1C9A9200"
            },
            {
                "_id": "609b4fa",
                "title": "Black Transparant",
                "color": "#000000B5"
            },
            {
                "_id": "83f5afe",
                "title": "Dark Bluee",
                "color": "#0F1A2A"
            },
            {
                "_id": "352c112",
                "title": "Dot Transparant",
                "color": "#87CAC5"
            },
            {
                "_id": "82c1f49",
                "title": "Testimonial BG",
                "color": "#F8F8F8"
            },
            {
                "_id": "8588069",
                "title": "Accordion Closed",
                "color": "#F0F0F0"
            },
            {
                "_id": "4a4c074",
                "title": "Placeholder color",
                "color": "#7A7A7A6B"
            },
            {
                "_id": "bb2c289",
                "title": "Place Holder (metform)",
                "color": "#c9c1c1"
            },
            {
                "_id": "9c71e09",
                "title": "New Global Color",
                "color": "#c9c1c1"
            },
            {
                "_id": "ade2610",
                "title": "404",
                "color": "#FF0000"
            },
            {
                "_id": "06a01ee",
                "title": "line green",
                "color": "#1C9A9257"
            }
        ],
        "system_typography": [
            {
                "_id": "primary",
                "title": "Primary",
                "typography_typography": "custom",
                "typography_font_family": "Roboto",
                "typography_font_weight": "600"
            },
            {
                "_id": "secondary",
                "title": "Secondary",
                "typography_typography": "custom",
                "typography_font_family": "Roboto Slab",
                "typography_font_weight": "400"
            },
            {
                "_id": "text",
                "title": "Text",
                "typography_typography": "custom",
                "typography_font_family": "Roboto",
                "typography_font_weight": "400",
                "typography_font_size": {
                    "unit": "em",
                    "size": 1.1,
                    "sizes": []
                },
                "typography_line_height": {
                    "unit": "em",
                    "size": 1.3,
                    "sizes": []
                },
                "typography_font_size_tablet": {
                    "unit": "em",
                    "size": 1,
                    "sizes": []
                },
                "typography_font_size_mobile": {
                    "unit": "em",
                    "size": 1,
                    "sizes": []
                },
                "typography_line_height_tablet": {
                    "unit": "em",
                    "size": 1.2,
                    "sizes": []
                },
                "typography_line_height_mobile": {
                    "unit": "em",
                    "size": 1.2,
                    "sizes": []
                }
            },
            {
                "_id": "accent",
                "title": "Accent",
                "typography_typography": "custom",
                "typography_font_family": "Exo",
                "typography_font_weight": "400",
                "typography_font_size": {
                    "unit": "em",
                    "size": 1.2,
                    "sizes": []
                },
                "typography_font_size_tablet": {
                    "unit": "em",
                    "size": 1,
                    "sizes": []
                },
                "typography_font_size_mobile": {
                    "unit": "em",
                    "size": 1,
                    "sizes": []
                }
            }
        ],
        "custom_typography": [
            {
                "_id": "bfd1ebc",
                "title": "H1",
                "typography_typography": "custom",
                "typography_font_family": "Exo",
                "typography_font_size": {
                    "unit": "em",
                    "size": 5,
                    "sizes": []
                },
                "typography_font_size_tablet": {
                    "unit": "em",
                    "size": 3.4,
                    "sizes": []
                },
                "typography_font_size_mobile": {
                    "unit": "em",
                    "size": 3,
                    "sizes": []
                },
                "typography_font_weight": "500",
                "typography_line_height": {
                    "unit": "em",
                    "size": 1.1,
                    "sizes": []
                },
                "typography_line_height_tablet": {
                    "unit": "em",
                    "size": 1.1,
                    "sizes": []
                },
                "typography_line_height_mobile": {
                    "unit": "em",
                    "size": 1.1,
                    "sizes": []
                }
            },
            {
                "_id": "41cefd6",
                "title": "H2",
                "typography_typography": "custom",
                "typography_font_family": "Exo",
                "typography_font_size": {
                    "unit": "em",
                    "size": 3.8,
                    "sizes": []
                },
                "typography_font_size_tablet": {
                    "unit": "em",
                    "size": 2.5,
                    "sizes": []
                },
                "typography_font_size_mobile": {
                    "unit": "em",
                    "size": 2.2,
                    "sizes": []
                },
                "typography_font_weight": "500",
                "typography_line_height": {
                    "unit": "em",
                    "size": 1.1,
                    "sizes": []
                },
                "typography_line_height_tablet": {
                    "unit": "em",
                    "size": 1.3,
                    "sizes": []
                },
                "typography_line_height_mobile": {
                    "unit": "em",
                    "size": 1.3,
                    "sizes": []
                }
            },
            {
                "_id": "6b8ff9b",
                "title": "H3",
                "typography_typography": "custom",
                "typography_font_family": "Exo",
                "typography_font_size": {
                    "unit": "em",
                    "size": 2,
                    "sizes": []
                },
                "typography_font_size_tablet": {
                    "unit": "em",
                    "size": 1.4,
                    "sizes": []
                },
                "typography_font_size_mobile": {
                    "unit": "em",
                    "size": 1.5,
                    "sizes": []
                },
                "typography_font_weight": "500",
                "typography_line_height": {
                    "unit": "em",
                    "size": 1.3,
                    "sizes": []
                },
                "typography_line_height_tablet": {
                    "unit": "em",
                    "size": 1.3,
                    "sizes": []
                },
                "typography_line_height_mobile": {
                    "unit": "em",
                    "size": 1.3,
                    "sizes": []
                }
            },
            {
                "_id": "c814bfc",
                "title": "H4",
                "typography_typography": "custom",
                "typography_font_family": "Exo",
                "typography_font_size": {
                    "unit": "em",
                    "size": 1.7,
                    "sizes": []
                },
                "typography_font_size_tablet": {
                    "unit": "em",
                    "size": 1.3,
                    "sizes": []
                },
                "typography_font_size_mobile": {
                    "unit": "em",
                    "size": 1.3,
                    "sizes": []
                },
                "typography_font_weight": "500",
                "typography_line_height": {
                    "unit": "em",
                    "size": 1.3,
                    "sizes": []
                },
                "typography_line_height_tablet": {
                    "unit": "em",
                    "size": 1.3,
                    "sizes": []
                },
                "typography_line_height_mobile": {
                    "unit": "em",
                    "size": 1.3,
                    "sizes": []
                }
            },
            {
                "_id": "25b41b0",
                "title": "H5",
                "typography_typography": "custom",
                "typography_font_family": "Exo",
                "typography_font_size": {
                    "unit": "em",
                    "size": 1.2,
                    "sizes": []
                },
                "typography_font_size_tablet": {
                    "unit": "em",
                    "size": 1.2,
                    "sizes": []
                },
                "typography_font_size_mobile": {
                    "unit": "em",
                    "size": 1.1,
                    "sizes": []
                },
                "typography_font_weight": "500",
                "typography_line_height": {
                    "unit": "em",
                    "size": 1.3,
                    "sizes": []
                },
                "typography_line_height_tablet": {
                    "unit": "em",
                    "size": 1.3,
                    "sizes": []
                },
                "typography_line_height_mobile": {
                    "unit": "em",
                    "size": 1.3,
                    "sizes": []
                }
            },
            {
                "_id": "389bf7a",
                "title": "H6",
                "typography_typography": "custom",
                "typography_font_family": "Exo",
                "typography_font_size": {
                    "unit": "em",
                    "size": 1.1,
                    "sizes": []
                },
                "typography_font_size_tablet": {
                    "unit": "em",
                    "size": 1.1,
                    "sizes": []
                },
                "typography_font_size_mobile": {
                    "unit": "em",
                    "size": 1,
                    "sizes": []
                },
                "typography_font_weight": "500",
                "typography_line_height": {
                    "unit": "em",
                    "size": 1.3,
                    "sizes": []
                },
                "typography_line_height_tablet": {
                    "unit": "em",
                    "size": 1.3,
                    "sizes": []
                },
                "typography_line_height_mobile": {
                    "unit": "em",
                    "size": 1.3,
                    "sizes": []
                }
            },
            {
                "_id": "97a91cd",
                "title": "Counter Number",
                "typography_typography": "custom",
                "typography_font_family": "Exo",
                "typography_font_size": {
                    "unit": "em",
                    "size": 2.8,
                    "sizes": []
                },
                "typography_font_size_tablet": {
                    "unit": "em",
                    "size": 2,
                    "sizes": []
                },
                "typography_font_size_mobile": {
                    "unit": "em",
                    "size": 2,
                    "sizes": []
                },
                "typography_font_weight": "400"
            },
            {
                "_id": "51bd427",
                "title": "Counter Title",
                "typography_typography": "custom",
                "typography_font_family": "Exo",
                "typography_font_size": {
                    "unit": "em",
                    "size": 1.1,
                    "sizes": []
                },
                "typography_font_size_tablet": {
                    "unit": "em",
                    "size": 0.8,
                    "sizes": []
                },
                "typography_font_size_mobile": {
                    "unit": "em",
                    "size": 0.8,
                    "sizes": []
                },
                "typography_font_weight": "500",
                "typography_line_height": {
                    "unit": "em",
                    "size": 2,
                    "sizes": []
                },
                "typography_line_height_tablet": {
                    "unit": "em",
                    "size": 2,
                    "sizes": []
                },
                "typography_line_height_mobile": {
                    "unit": "em",
                    "size": 2,
                    "sizes": []
                }
            },
            {
                "_id": "1a22cfb",
                "title": "Facilities Desc",
                "typography_typography": "custom",
                "typography_font_family": "Roboto",
                "typography_font_size": {
                    "unit": "em",
                    "size": 1,
                    "sizes": []
                },
                "typography_font_size_tablet": {
                    "unit": "em",
                    "size": 0.9,
                    "sizes": []
                },
                "typography_font_size_mobile": {
                    "unit": "em",
                    "size": 0.9,
                    "sizes": []
                },
                "typography_font_weight": "400",
                "typography_line_height": {
                    "unit": "em",
                    "size": 1.5,
                    "sizes": []
                },
                "typography_line_height_tablet": {
                    "unit": "em",
                    "size": 1.5,
                    "sizes": []
                },
                "typography_line_height_mobile": {
                    "unit": "em",
                    "size": 1.5,
                    "sizes": []
                }
            },
            {
                "_id": "03b7d29",
                "title": "Accordion Desc",
                "typography_typography": "custom",
                "typography_font_family": "Roboto",
                "typography_font_size": {
                    "unit": "em",
                    "size": 1,
                    "sizes": []
                },
                "typography_font_size_tablet": {
                    "unit": "em",
                    "size": 0.9,
                    "sizes": []
                },
                "typography_font_size_mobile": {
                    "unit": "em",
                    "size": 0.9,
                    "sizes": []
                },
                "typography_line_height": {
                    "unit": "em",
                    "size": 1.4,
                    "sizes": []
                },
                "typography_line_height_tablet": {
                    "unit": "em",
                    "size": 1.3,
                    "sizes": []
                },
                "typography_line_height_mobile": {
                    "unit": "em",
                    "size": 1.3,
                    "sizes": []
                }
            },
            {
                "_id": "c42e1bb",
                "title": "Blog",
                "typography_typography": "custom",
                "typography_font_family": "Roboto",
                "typography_font_size": {
                    "unit": "em",
                    "size": 1,
                    "sizes": []
                },
                "typography_font_size_tablet": {
                    "unit": "em",
                    "size": 1,
                    "sizes": []
                },
                "typography_font_size_mobile": {
                    "unit": "em",
                    "size": 1,
                    "sizes": []
                },
                "typography_line_height": {
                    "unit": "em",
                    "size": 1.4,
                    "sizes": []
                },
                "typography_line_height_tablet": {
                    "unit": "em",
                    "size": 1.3,
                    "sizes": []
                },
                "typography_line_height_mobile": {
                    "unit": "em",
                    "size": 1.3,
                    "sizes": []
                }
            },
            {
                "_id": "a467cb1",
                "title": "button",
                "typography_typography": "custom",
                "typography_font_family": "Exo",
                "typography_font_size": {
                    "unit": "em",
                    "size": 1,
                    "sizes": []
                },
                "typography_font_weight": "400",
                "typography_font_size_tablet": {
                    "unit": "em",
                    "size": 1,
                    "sizes": []
                },
                "typography_font_size_mobile": {
                    "unit": "em",
                    "size": 1,
                    "sizes": []
                }
            },
            {
                "typography_typography": "custom",
                "typography_font_family": "Roboto",
                "typography_font_size": {
                    "unit": "em",
                    "size": 1.2,
                    "sizes": []
                },
                "typography_font_size_tablet": {
                    "unit": "em",
                    "size": 1,
                    "sizes": []
                },
                "typography_font_size_mobile": {
                    "unit": "em",
                    "size": "",
                    "sizes": []
                },
                "typography_font_weight": "400",
                "typography_line_height": {
                    "unit": "em",
                    "size": 1.3,
                    "sizes": []
                },
                "_id": "d7711c3",
                "title": "Price"
            },
            {
                "typography_typography": "custom",
                "typography_font_family": "Exo",
                "typography_font_size": {
                    "unit": "em",
                    "size": 1.8,
                    "sizes": []
                },
                "typography_font_size_tablet": {
                    "unit": "em",
                    "size": 1.3,
                    "sizes": []
                },
                "typography_font_size_mobile": {
                    "unit": "em",
                    "size": "",
                    "sizes": []
                },
                "typography_font_weight": "400",
                "_id": "23f34e7",
                "title": "Footer"
            },
            {
                "typography_typography": "custom",
                "typography_font_family": "Exo",
                "typography_font_size": {
                    "unit": "em",
                    "size": 1.3,
                    "sizes": []
                },
                "typography_font_size_tablet": {
                    "unit": "em",
                    "size": "",
                    "sizes": []
                },
                "typography_font_size_mobile": {
                    "unit": "em",
                    "size": "",
                    "sizes": []
                },
                "typography_font_weight": "500",
                "typography_line_height": {
                    "unit": "em",
                    "size": 1,
                    "sizes": []
                },
                "_id": "68270d0",
                "title": "Menu"
            },
            {
                "typography_typography": "custom",
                "typography_font_family": "Roboto",
                "typography_font_size": {
                    "unit": "em",
                    "size": 1.2,
                    "sizes": []
                },
                "typography_font_size_tablet": {
                    "unit": "em",
                    "size": "",
                    "sizes": []
                },
                "typography_font_size_mobile": {
                    "unit": "em",
                    "size": "",
                    "sizes": []
                },
                "typography_font_weight": "500",
                "typography_line_height": {
                    "unit": "em",
                    "size": 1.2,
                    "sizes": []
                },
                "_id": "ca3a9b6",
                "title": "Menu (Dropdown)"
            },
            {
                "typography_typography": "custom",
                "typography_font_family": "Exo",
                "typography_font_size": {
                    "unit": "em",
                    "size": 1.1,
                    "sizes": []
                },
                "typography_font_size_tablet": {
                    "unit": "em",
                    "size": 1,
                    "sizes": []
                },
                "typography_font_size_mobile": {
                    "unit": "em",
                    "size": 1,
                    "sizes": []
                },
                "typography_line_height": {
                    "unit": "em",
                    "size": 1.4,
                    "sizes": []
                },
                "typography_line_height_tablet": {
                    "unit": "em",
                    "size": 1.3,
                    "sizes": []
                },
                "typography_line_height_mobile": {
                    "unit": "em",
                    "size": 1.3,
                    "sizes": []
                },
                "_id": "f514235",
                "title": "Pricing Package"
            },
            {
                "typography_typography": "custom",
                "typography_font_family": "Exo",
                "typography_font_size": {
                    "unit": "em",
                    "size": 3,
                    "sizes": []
                },
                "typography_font_size_tablet": {
                    "unit": "em",
                    "size": 1.5,
                    "sizes": []
                },
                "typography_font_size_mobile": {
                    "unit": "em",
                    "size": 1.5,
                    "sizes": []
                },
                "typography_font_weight": "500",
                "typography_line_height": {
                    "unit": "em",
                    "size": 1,
                    "sizes": []
                },
                "typography_line_height_tablet": {
                    "unit": "em",
                    "size": 1,
                    "sizes": []
                },
                "typography_line_height_mobile": {
                    "unit": "em",
                    "size": 1,
                    "sizes": []
                },
                "_id": "3749a4b",
                "title": "contact us"
            },
            {
                "typography_typography": "custom",
                "typography_font_family": "Exo",
                "typography_font_size": {
                    "unit": "em",
                    "size": 11,
                    "sizes": []
                },
                "typography_font_size_tablet": {
                    "unit": "em",
                    "size": 9,
                    "sizes": []
                },
                "typography_font_size_mobile": {
                    "unit": "em",
                    "size": 7,
                    "sizes": []
                },
                "typography_font_weight": "500",
                "typography_line_height": {
                    "unit": "em",
                    "size": 1.1,
                    "sizes": []
                },
                "typography_line_height_tablet": {
                    "unit": "em",
                    "size": 1.1,
                    "sizes": []
                },
                "typography_line_height_mobile": {
                    "unit": "em",
                    "size": 1.1,
                    "sizes": []
                },
                "_id": "4e9ce39",
                "title": "404"
            },
            {
                "typography_typography": "custom",
                "typography_font_family": "Exo",
                "typography_font_size": {
                    "unit": "em",
                    "size": 3,
                    "sizes": []
                },
                "typography_font_size_tablet": {
                    "unit": "em",
                    "size": 2,
                    "sizes": []
                },
                "typography_font_size_mobile": {
                    "unit": "em",
                    "size": 1.4,
                    "sizes": []
                },
                "typography_font_weight": "500",
                "typography_line_height": {
                    "unit": "em",
                    "size": 1.2,
                    "sizes": []
                },
                "typography_line_height_tablet": {
                    "unit": "em",
                    "size": 1.1,
                    "sizes": []
                },
                "typography_line_height_mobile": {
                    "unit": "em",
                    "size": 1.2,
                    "sizes": []
                },
                "_id": "c4e0073",
                "title": "Blog (coming soon)"
            },
            {
                "typography_typography": "custom",
                "typography_font_family": "Exo",
                "typography_font_size": {
                    "unit": "em",
                    "size": 2,
                    "sizes": []
                },
                "typography_font_size_tablet": {
                    "unit": "em",
                    "size": 1.2,
                    "sizes": []
                },
                "typography_font_size_mobile": {
                    "unit": "em",
                    "size": 1.5,
                    "sizes": []
                },
                "typography_font_weight": "500",
                "typography_line_height": {
                    "unit": "em",
                    "size": 1.3,
                    "sizes": []
                },
                "typography_line_height_tablet": {
                    "unit": "em",
                    "size": 1,
                    "sizes": []
                },
                "typography_line_height_mobile": {
                    "unit": "em",
                    "size": 1,
                    "sizes": []
                },
                "_id": "4efdb8e",
                "title": "About Us"
            },
            {
                "typography_typography": "custom",
                "typography_font_family": "Exo",
                "typography_font_size": {
                    "unit": "em",
                    "size": 1.3,
                    "sizes": []
                },
                "typography_font_size_tablet": {
                    "unit": "em",
                    "size": 1.1,
                    "sizes": []
                },
                "typography_font_size_mobile": {
                    "unit": "em",
                    "size": 0.9,
                    "sizes": []
                },
                "typography_font_weight": "500",
                "typography_line_height": {
                    "unit": "em",
                    "size": 1.3,
                    "sizes": []
                },
                "typography_line_height_tablet": {
                    "unit": "em",
                    "size": 1.3,
                    "sizes": []
                },
                "typography_line_height_mobile": {
                    "unit": "em",
                    "size": 1.3,
                    "sizes": []
                },
                "_id": "5122267",
                "title": "post list"
            }
        ],
        "default_generic_fonts": "Sans-serif",
        "container_width": {
            "unit": "px",
            "size": 1360,
            "sizes": []
        },
        "page_title_selector": "h1.entry-title",
        "hello_footer_copyright_text": "All rights reserved",
        "viewport_md": 768,
        "viewport_lg": 1025,
        "button_text_shadow_text_shadow": {
            "horizontal": 0,
            "vertical": 0,
            "blur": 0,
            "color": "rgba(0,0,0,0.3)"
        },
        "button_border_radius": {
            "unit": "px",
            "top": "40",
            "right": "40",
            "bottom": "40",
            "left": "40",
            "isLinked": true
        },
        "button_hover_background_color": "#FFFFFF00",
        "button_hover_box_shadow_box_shadow_type": "yes",
        "button_hover_box_shadow_box_shadow": {
            "horizontal": 0,
            "vertical": 0,
            "blur": 0,
            "spread": 0,
            "color": "rgba(0,0,0,0.5)"
        },
        "button_hover_border_border": "solid",
        "button_hover_border_radius": {
            "unit": "px",
            "top": "40",
            "right": "40",
            "bottom": "40",
            "left": "40",
            "isLinked": true
        },
        "button_hover_border_width_mobile": {
            "unit": "px",
            "top": "1",
            "right": "1",
            "bottom": "1",
            "left": "1",
            "isLinked": true
        },
        "button_padding_mobile": {
            "unit": "px",
            "top": "17",
            "right": "30",
            "bottom": "17",
            "left": "30",
            "isLinked": false
        },
        "activeItemIndex": 1,
        "button_padding": {
            "unit": "px",
            "top": "20",
            "right": "40",
            "bottom": "20",
            "left": "40",
            "isLinked": false
        },
        "button_border_border": "solid",
        "button_border_width": {
            "unit": "px",
            "top": "1",
            "right": "1",
            "bottom": "1",
            "left": "1",
            "isLinked": false
        },
        "button_hover_border_width": {
            "unit": "px",
            "top": "1",
            "right": "1",
            "bottom": "1",
            "left": "1",
            "isLinked": false
        },
        "__globals__": {
            "button_typography_typography": "globals\/typography?id=accent",
            "button_text_color": "globals\/colors?id=primary",
            "button_background_color": "globals\/colors?id=accent",
            "button_border_color": "globals\/colors?id=accent",
            "button_hover_text_color": "globals\/colors?id=accent",
            "button_hover_border_color": "globals\/colors?id=accent",
            "body_typography_typography": "globals\/typography?id=text",
            "body_color": "globals\/colors?id=text",
            "link_normal_color": "",
            "h1_color": "globals\/colors?id=secondary",
            "h1_typography_typography": "globals\/typography?id=bfd1ebc",
            "h2_color": "globals\/colors?id=secondary",
            "h2_typography_typography": "globals\/typography?id=41cefd6",
            "h3_typography_typography": "globals\/typography?id=6b8ff9b",
            "h3_color": "globals\/colors?id=secondary",
            "h5_color": "globals\/colors?id=secondary",
            "h5_typography_typography": "globals\/typography?id=25b41b0",
            "h4_typography_typography": "globals\/typography?id=c814bfc",
            "h6_color": "globals\/colors?id=secondary",
            "h6_typography_typography": "globals\/typography?id=389bf7a",
            "h4_color": "globals\/colors?id=secondary"
        },
        "button_padding_tablet": {
            "unit": "px",
            "top": "17",
            "right": "30",
            "bottom": "17",
            "left": "30",
            "isLinked": false
        },
        "body_color": "#7A7A7A",
        "button_typography_typography": "custom",
        "button_typography_font_family": "Exo",
        "button_typography_font_weight": "400",
        "button_text_color": "#FFFFFF",
        "button_background_color": "#1C9A92",
        "button_border_color": "#1C9A92",
        "button_hover_text_color": "#1C9A92",
        "button_hover_border_color": "#1C9A92",
        "body_typography_typography": "custom",
        "body_typography_font_family": "Roboto",
        "body_typography_font_size": {
            "unit": "em",
            "size": 1.2,
            "sizes": []
        },
        "body_typography_font_weight": "400",
        "body_typography_line_height": {
            "unit": "em",
            "size": 1.3,
            "sizes": []
        },
        "h1_color": "#000000",
        "h1_typography_typography": "custom",
        "h1_typography_font_family": "Exo",
        "h1_typography_font_size": {
            "unit": "em",
            "size": 5,
            "sizes": []
        },
        "h1_typography_font_weight": "500",
        "h1_typography_line_height": {
            "unit": "em",
            "size": 1.1,
            "sizes": []
        },
        "h2_color": "#000000",
        "h2_typography_typography": "custom",
        "h2_typography_font_family": "Exo",
        "h2_typography_font_size": {
            "unit": "em",
            "size": 3.8,
            "sizes": []
        },
        "h2_typography_font_weight": "500",
        "h2_typography_line_height": {
            "unit": "em",
            "size": 1.1,
            "sizes": []
        },
        "h3_color": "#000000",
        "h3_typography_typography": "custom",
        "h3_typography_font_family": "Exo",
        "h3_typography_font_size": {
            "unit": "em",
            "size": 2,
            "sizes": []
        },
        "h3_typography_font_weight": "500",
        "h3_typography_line_height": {
            "unit": "em",
            "size": 1.3,
            "sizes": []
        },
        "h4_typography_typography": "custom",
        "h4_typography_font_family": "Exo",
        "h4_typography_font_size": {
            "unit": "em",
            "size": 1.7,
            "sizes": []
        },
        "h4_typography_font_weight": "500",
        "h4_typography_line_height": {
            "unit": "em",
            "size": 1.3,
            "sizes": []
        },
        "h5_typography_typography": "custom",
        "h5_typography_font_family": "Exo",
        "h5_typography_font_size": {
            "unit": "em",
            "size": 1.2,
            "sizes": []
        },
        "h5_typography_font_weight": "500",
        "h5_typography_line_height": {
            "unit": "em",
            "size": 1.3,
            "sizes": []
        },
        "button_typography_font_size": {
            "unit": "em",
            "size": 1.2,
            "sizes": []
        },
        "body_typography_font_size_tablet": {
            "unit": "em",
            "size": 1,
            "sizes": []
        },
        "body_typography_font_size_mobile": {
            "unit": "em",
            "size": 1,
            "sizes": []
        },
        "body_typography_line_height_tablet": {
            "unit": "em",
            "size": 1.2,
            "sizes": []
        },
        "body_typography_line_height_mobile": {
            "unit": "em",
            "size": 1.2,
            "sizes": []
        },
        "h1_typography_font_size_tablet": {
            "unit": "em",
            "size": 3.4,
            "sizes": []
        },
        "h1_typography_font_size_mobile": {
            "unit": "em",
            "size": 3,
            "sizes": []
        },
        "h1_typography_line_height_tablet": {
            "unit": "em",
            "size": 1.1,
            "sizes": []
        },
        "h1_typography_line_height_mobile": {
            "unit": "em",
            "size": 1.1,
            "sizes": []
        },
        "h2_typography_font_size_tablet": {
            "unit": "em",
            "size": 2.5,
            "sizes": []
        },
        "h2_typography_font_size_mobile": {
            "unit": "em",
            "size": 2.2,
            "sizes": []
        },
        "h2_typography_line_height_tablet": {
            "unit": "em",
            "size": 1.3,
            "sizes": []
        },
        "h2_typography_line_height_mobile": {
            "unit": "em",
            "size": 1.3,
            "sizes": []
        },
        "h3_typography_font_size_tablet": {
            "unit": "em",
            "size": 1.4,
            "sizes": []
        },
        "h3_typography_font_size_mobile": {
            "unit": "em",
            "size": 1.5,
            "sizes": []
        },
        "h3_typography_line_height_tablet": {
            "unit": "em",
            "size": 1.3,
            "sizes": []
        },
        "h3_typography_line_height_mobile": {
            "unit": "em",
            "size": 1.3,
            "sizes": []
        },
        "h4_typography_font_size_tablet": {
            "unit": "em",
            "size": 1.3,
            "sizes": []
        },
        "h4_typography_font_size_mobile": {
            "unit": "em",
            "size": 1.3,
            "sizes": []
        },
        "h4_typography_line_height_tablet": {
            "unit": "em",
            "size": 1.3,
            "sizes": []
        },
        "h4_typography_line_height_mobile": {
            "unit": "em",
            "size": 1.3,
            "sizes": []
        },
        "h5_typography_font_size_tablet": {
            "unit": "em",
            "size": 1.2,
            "sizes": []
        },
        "h5_typography_font_size_mobile": {
            "unit": "em",
            "size": 1.1,
            "sizes": []
        },
        "h5_typography_line_height_tablet": {
            "unit": "em",
            "size": 1.3,
            "sizes": []
        },
        "h5_typography_line_height_mobile": {
            "unit": "em",
            "size": 1.3,
            "sizes": []
        },
        "button_typography_font_size_tablet": {
            "unit": "em",
            "size": 1,
            "sizes": []
        },
        "button_typography_font_size_mobile": {
            "unit": "em",
            "size": 1,
            "sizes": []
        }
    }
}