{
    "version": "0.4",
    "title": "Header",
    "type": "section",
    "metadata": {
        "template_type": "section-header",
        "include_in_zip": "1",
        "elementor_pro_required": null,
        "wp_page_template": "elementor_canvas"
    },
    "content": [
        {
            "id": "2946d3b1",
            "settings": {
                "flex_direction": "row",
                "margin": {
                    "unit": "px",
                    "top": "0",
                    "right": "0",
                    "bottom": "-195",
                    "left": "0",
                    "isLinked": false
                },
                "padding": {
                    "unit": "px",
                    "top": "50",
                    "right": "0",
                    "bottom": "50",
                    "left": "0",
                    "isLinked": false
                },
                "z_index": 1,
                "flex_wrap_mobile": "nowrap",
                "margin_tablet": {
                    "unit": "px",
                    "top": "0",
                    "right": "0",
                    "bottom": "-133",
                    "left": "0",
                    "isLinked": false
                },
                "margin_mobile": {
                    "unit": "px",
                    "top": "0",
                    "right": "0",
                    "bottom": "-146",
                    "left": "0",
                    "isLinked": false
                },
                "padding_tablet": {
                    "unit": "px",
                    "top": "20",
                    "right": "30",
                    "bottom": "20",
                    "left": "30",
                    "isLinked": false
                },
                "padding_mobile": {
                    "unit": "px",
                    "top": "0",
                    "right": "20",
                    "bottom": "0",
                    "left": "20",
                    "isLinked": false
                },
                "hide_tablet": "hidden-tablet",
                "hide_mobile": "hidden-mobile"
            },
            "elements": [
                {
                    "id": "37e0ecfc",
                    "settings": {
                        "content_width": "full",
                        "width": {
                            "unit": "%",
                            "size": 34,
                            "sizes": []
                        },
                        "flex_justify_content": "center",
                        "margin": {
                            "unit": "px",
                            "top": "0",
                            "right": "0",
                            "bottom": "0",
                            "left": "0",
                            "isLinked": false
                        },
                        "padding": {
                            "unit": "px",
                            "top": "0",
                            "right": "0",
                            "bottom": "0",
                            "left": "0",
                            "isLinked": false
                        },
                        "width_tablet": {
                            "unit": "%",
                            "size": 100,
                            "sizes": []
                        },
                        "width_mobile": {
                            "unit": "%",
                            "size": "",
                            "sizes": []
                        }
                    },
                    "elements": [
                        {
                            "id": "727ed703",
                            "settings": {
                                "image": {
                                    "url": "https:\/\/kitpro.site\/coworking\/wp-content\/uploads\/sites\/296\/2024\/12\/Coworking-Space.png",
                                    "id": 1153,
                                    "size": "",
                                    "alt": "",
                                    "source": "library"
                                },
                                "align": "left",
                                "width": {
                                    "unit": "%",
                                    "size": 65,
                                    "sizes": []
                                },
                                "_padding": {
                                    "unit": "px",
                                    "top": "0",
                                    "right": "0",
                                    "bottom": "0",
                                    "left": "0",
                                    "isLinked": false
                                },
                                "width_tablet": {
                                    "unit": "%",
                                    "size": 40,
                                    "sizes": []
                                },
                                "width_mobile": {
                                    "unit": "%",
                                    "size": 64,
                                    "sizes": []
                                },
                                "_margin": {
                                    "unit": "px",
                                    "top": "0",
                                    "right": "0",
                                    "bottom": "0",
                                    "left": "0",
                                    "isLinked": false
                                }
                            },
                            "elements": [],
                            "isInner": false,
                            "widgetType": "image",
                            "elType": "widget"
                        }
                    ],
                    "isInner": true,
                    "elType": "container"
                },
                {
                    "id": "65c3fa30",
                    "settings": {
                        "content_width": "full",
                        "flex_direction": "row",
                        "flex_align_items": "center",
                        "background_background": "classic",
                        "background_color": "#FFFFFF1A",
                        "border_radius": {
                            "unit": "px",
                            "top": "50",
                            "right": "50",
                            "bottom": "50",
                            "left": "50",
                            "isLinked": true
                        },
                        "margin": {
                            "unit": "px",
                            "top": "0",
                            "right": "0",
                            "bottom": "0",
                            "left": "100",
                            "isLinked": false
                        },
                        "padding": {
                            "unit": "px",
                            "top": "15",
                            "right": "0",
                            "bottom": "15",
                            "left": "40",
                            "isLinked": false
                        },
                        "width_tablet": {
                            "unit": "%",
                            "size": 100,
                            "sizes": []
                        },
                        "width_mobile": {
                            "unit": "%",
                            "size": 43,
                            "sizes": []
                        },
                        "flex_justify_content_tablet": "flex-start",
                        "flex_align_items_tablet": "center",
                        "padding_mobile": {
                            "unit": "px",
                            "top": "5",
                            "right": "0",
                            "bottom": "5",
                            "left": "0",
                            "isLinked": false
                        }
                    },
                    "elements": [
                        {
                            "id": "2845cf70",
                            "settings": {
                                "content_width": "full",
                                "margin": {
                                    "unit": "px",
                                    "top": "0",
                                    "right": "0",
                                    "bottom": "0",
                                    "left": "0",
                                    "isLinked": false
                                },
                                "padding": {
                                    "unit": "px",
                                    "top": "0",
                                    "right": "0",
                                    "bottom": "0",
                                    "left": "0",
                                    "isLinked": false
                                },
                                "width_tablet": {
                                    "unit": "%",
                                    "size": 38,
                                    "sizes": []
                                },
                                "width_mobile": {
                                    "unit": "%",
                                    "size": "",
                                    "sizes": []
                                },
                                "flex_align_items_mobile": "flex-start"
                            },
                            "elements": [
                                {
                                    "id": "5ebf5e50",
                                    "settings": {
                                        "menu": "menu",
                                        "padding_vertical_menu_item": {
                                            "unit": "px",
                                            "size": 10,
                                            "sizes": []
                                        },
                                        "menu_space_between": {
                                            "unit": "px",
                                            "size": 20,
                                            "sizes": []
                                        },
                                        "color_menu_item_hover": "#1C9A92",
                                        "color_menu_item_active": "#1C9A92",
                                        "dropdown_border_radius": {
                                            "unit": "px",
                                            "top": "15",
                                            "right": "15",
                                            "bottom": "15",
                                            "left": "15",
                                            "isLinked": true
                                        },
                                        "padding_horizontal_dropdown_item": {
                                            "unit": "px",
                                            "size": 25,
                                            "sizes": []
                                        },
                                        "padding_vertical_dropdown_item": {
                                            "unit": "px",
                                            "size": 17,
                                            "sizes": []
                                        },
                                        "dropdown_divider_width": {
                                            "unit": "px",
                                            "size": 1,
                                            "sizes": []
                                        },
                                        "navmenu_align": "center",
                                        "__globals__": {
                                            "menu_typography_typography": "globals\/typography?id=68270d0",
                                            "color_menu_item": "globals\/colors?id=primary",
                                            "color_dropdown_item": "globals\/colors?id=primary",
                                            "background_color_dropdown_item": "globals\/colors?id=accent",
                                            "dropdown_typography_typography": "globals\/typography?id=ca3a9b6",
                                            "divider_border_color": "globals\/colors?id=550722f",
                                            "color_dropdown_item_hover": "globals\/colors?id=secondary",
                                            "background_color_dropdown_item_hover": "",
                                            "toggle_color": "globals\/colors?id=primary"
                                        },
                                        "padding_horizontal_menu_item": {
                                            "unit": "px",
                                            "size": 20,
                                            "sizes": []
                                        },
                                        "menu_typography_typography": "custom",
                                        "menu_typography_font_family": "Exo",
                                        "menu_typography_font_size": {
                                            "unit": "em",
                                            "size": 1.3,
                                            "sizes": []
                                        },
                                        "menu_typography_font_size_tablet": {
                                            "unit": "em",
                                            "size": "",
                                            "sizes": []
                                        },
                                        "menu_typography_font_size_mobile": {
                                            "unit": "em",
                                            "size": "",
                                            "sizes": []
                                        },
                                        "menu_typography_font_weight": "500",
                                        "menu_typography_line_height": {
                                            "unit": "em",
                                            "size": 1,
                                            "sizes": []
                                        },
                                        "color_menu_item": "#FFFFFF",
                                        "color_dropdown_item": "#FFFFFF",
                                        "background_color_dropdown_item": "#1C9A92",
                                        "color_dropdown_item_hover": "#1C9A92",
                                        "dropdown_typography_typography": "custom",
                                        "dropdown_typography_font_family": "Roboto",
                                        "dropdown_typography_font_size": {
                                            "unit": "em",
                                            "size": 1.2,
                                            "sizes": []
                                        },
                                        "dropdown_typography_font_size_tablet": {
                                            "unit": "em",
                                            "size": "",
                                            "sizes": []
                                        },
                                        "dropdown_typography_font_size_mobile": {
                                            "unit": "em",
                                            "size": "",
                                            "sizes": []
                                        },
                                        "dropdown_typography_font_weight": "500",
                                        "dropdown_typography_line_height": {
                                            "unit": "em",
                                            "size": 1.2,
                                            "sizes": []
                                        },
                                        "divider_border_color": "#1C9A9200",
                                        "toggle_color": "#FFFFFF"
                                    },
                                    "elements": [],
                                    "isInner": false,
                                    "widgetType": "navigation-menu",
                                    "elType": "widget"
                                }
                            ],
                            "isInner": true,
                            "elType": "container"
                        },
                        {
                            "id": "59470b45",
                            "settings": {
                                "content_width": "full",
                                "width": {
                                    "unit": "%",
                                    "size": 17,
                                    "sizes": []
                                },
                                "margin": {
                                    "unit": "px",
                                    "top": "0",
                                    "right": "0",
                                    "bottom": "0",
                                    "left": "0",
                                    "isLinked": false
                                },
                                "padding": {
                                    "unit": "px",
                                    "top": "0",
                                    "right": "0",
                                    "bottom": "0",
                                    "left": "0",
                                    "isLinked": false
                                },
                                "width_mobile": {
                                    "unit": "%",
                                    "size": 0,
                                    "sizes": []
                                },
                                "flex_justify_content_mobile": "center",
                                "padding_mobile": {
                                    "unit": "px",
                                    "top": "0",
                                    "right": "0",
                                    "bottom": "0",
                                    "left": "0",
                                    "isLinked": false
                                },
                                "hide_tablet": "hidden-tablet",
                                "hide_mobile": "hidden-mobile"
                            },
                            "elements": [
                                {
                                    "id": "5aed7bb8",
                                    "settings": {
                                        "sg_search_placeholder": "Search...",
                                        "sg_search_text": "Search",
                                        "sg_search_size_responsive": {
                                            "unit": "px",
                                            "size": 25,
                                            "sizes": []
                                        },
                                        "st_icon_normal_color_responsive": "#000000",
                                        "st_icon_normal_background_background_background": "classic",
                                        "st_icon_hover_color_responsive": "#1C9A92",
                                        "st_icon_border_radius_responsive": {
                                            "unit": "px",
                                            "top": "30",
                                            "right": "30",
                                            "bottom": "30",
                                            "left": "30",
                                            "isLinked": true
                                        },
                                        "st_icon_margin_responsive": {
                                            "unit": "px",
                                            "top": "5",
                                            "right": "5",
                                            "bottom": "5",
                                            "left": "5",
                                            "isLinked": false
                                        },
                                        "st_icon_padding_responsive": {
                                            "unit": "px",
                                            "top": "5",
                                            "right": "0",
                                            "bottom": "0",
                                            "left": "0",
                                            "isLinked": false
                                        },
                                        "st_icon_height_width_width_responsive": {
                                            "unit": "px",
                                            "size": 50,
                                            "sizes": []
                                        },
                                        "st_icon_height_width_height_responsive": {
                                            "unit": "px",
                                            "size": 50,
                                            "sizes": []
                                        },
                                        "st_icon_height_width_line_height_responsive": {
                                            "unit": "px",
                                            "size": 50,
                                            "sizes": []
                                        },
                                        "_element_width": "initial",
                                        "_element_custom_width": {
                                            "unit": "%",
                                            "size": 52.742
                                        },
                                        "_flex_size": "none",
                                        "st_icon_border_radius_responsive_mobile": {
                                            "unit": "px",
                                            "top": "0",
                                            "right": "0",
                                            "bottom": "0",
                                            "left": "0",
                                            "isLinked": false
                                        },
                                        "st_icon_height_width_width_responsive_mobile": {
                                            "unit": "px",
                                            "size": 0,
                                            "sizes": []
                                        },
                                        "st_icon_height_width_height_responsive_mobile": {
                                            "unit": "px",
                                            "size": 0,
                                            "sizes": []
                                        },
                                        "st_icon_height_width_line_height_responsive_mobile": {
                                            "unit": "px",
                                            "size": 0,
                                            "sizes": []
                                        },
                                        "_element_width_tablet": "initial",
                                        "_element_custom_width_tablet": {
                                            "unit": "px",
                                            "size": 65.844
                                        },
                                        "__globals__": {
                                            "st_icon_normal_background_background_color": "globals\/colors?id=primary"
                                        }
                                    },
                                    "elements": [],
                                    "isInner": false,
                                    "widgetType": "jkit_search",
                                    "elType": "widget"
                                }
                            ],
                            "isInner": true,
                            "elType": "container"
                        }
                    ],
                    "isInner": true,
                    "elType": "container"
                }
            ],
            "isInner": false,
            "elType": "container"
        },
        {
            "id": "3a1711c5",
            "settings": {
                "flex_direction": "row",
                "flex_wrap_mobile": "nowrap",
                "margin": {
                    "unit": "px",
                    "top": "0",
                    "right": "0",
                    "bottom": "0",
                    "left": "0",
                    "isLinked": false
                },
                "margin_tablet": {
                    "unit": "px",
                    "top": "0",
                    "right": "0",
                    "bottom": "-190",
                    "left": "0",
                    "isLinked": false
                },
                "margin_mobile": {
                    "unit": "px",
                    "top": "0",
                    "right": "0",
                    "bottom": "-146",
                    "left": "0",
                    "isLinked": false
                },
                "padding": {
                    "unit": "px",
                    "top": "50",
                    "right": "0",
                    "bottom": "50",
                    "left": "0",
                    "isLinked": false
                },
                "padding_tablet": {
                    "unit": "px",
                    "top": "50",
                    "right": "30",
                    "bottom": "50",
                    "left": "30",
                    "isLinked": false
                },
                "z_index": 1,
                "hide_desktop": "hidden-desktop"
            },
            "elements": [
                {
                    "id": "77caa64d",
                    "settings": {
                        "content_width": "full",
                        "margin": {
                            "unit": "px",
                            "top": "0",
                            "right": "0",
                            "bottom": "0",
                            "left": "0",
                            "isLinked": false
                        },
                        "padding": {
                            "unit": "px",
                            "top": "0",
                            "right": "0",
                            "bottom": "0",
                            "left": "0",
                            "isLinked": false
                        }
                    },
                    "elements": [
                        {
                            "id": "6cc2f9fd",
                            "settings": {
                                "image": {
                                    "url": "https:\/\/kitpro.site\/coworking\/wp-content\/uploads\/sites\/296\/2024\/12\/Coworking-Space.png",
                                    "id": 1153,
                                    "size": "",
                                    "alt": "",
                                    "source": "library"
                                },
                                "align": "left",
                                "width": {
                                    "unit": "%",
                                    "size": 45,
                                    "sizes": []
                                },
                                "_padding": {
                                    "unit": "px",
                                    "top": "0",
                                    "right": "0",
                                    "bottom": "0",
                                    "left": "0",
                                    "isLinked": false
                                },
                                "width_tablet": {
                                    "unit": "%",
                                    "size": 50,
                                    "sizes": []
                                },
                                "width_mobile": {
                                    "unit": "%",
                                    "size": 90,
                                    "sizes": []
                                }
                            },
                            "elements": [],
                            "isInner": false,
                            "widgetType": "image",
                            "elType": "widget"
                        }
                    ],
                    "isInner": true,
                    "elType": "container"
                },
                {
                    "id": "75acced1",
                    "settings": {
                        "content_width": "full",
                        "margin": {
                            "unit": "px",
                            "top": "0",
                            "right": "0",
                            "bottom": "0",
                            "left": "0",
                            "isLinked": false
                        },
                        "padding": {
                            "unit": "px",
                            "top": "0",
                            "right": "0",
                            "bottom": "0",
                            "left": "0",
                            "isLinked": false
                        }
                    },
                    "elements": [
                        {
                            "id": "708d9cd",
                            "settings": {
                                "menu": "menu",
                                "padding_vertical_menu_item": {
                                    "unit": "px",
                                    "size": 10,
                                    "sizes": []
                                },
                                "menu_space_between": {
                                    "unit": "px",
                                    "size": 20,
                                    "sizes": []
                                },
                                "color_menu_item_hover": "#1C9A92",
                                "color_menu_item_active": "#1C9A92",
                                "dropdown_border_radius": {
                                    "unit": "px",
                                    "top": "15",
                                    "right": "15",
                                    "bottom": "15",
                                    "left": "15",
                                    "isLinked": true
                                },
                                "padding_horizontal_dropdown_item": {
                                    "unit": "px",
                                    "size": 25,
                                    "sizes": []
                                },
                                "padding_vertical_dropdown_item": {
                                    "unit": "px",
                                    "size": 17,
                                    "sizes": []
                                },
                                "dropdown_divider_width": {
                                    "unit": "px",
                                    "size": 1,
                                    "sizes": []
                                },
                                "navmenu_align": "justify",
                                "resp_align": "right",
                                "toggle_size_mobile": {
                                    "unit": "px",
                                    "size": 20,
                                    "sizes": []
                                },
                                "__globals__": {
                                    "color_menu_item": "globals\/colors?id=primary",
                                    "menu_typography_typography": "globals\/typography?id=68270d0",
                                    "background_color_dropdown_item": "globals\/colors?id=accent",
                                    "color_dropdown_item": "globals\/colors?id=primary",
                                    "divider_border_color": "globals\/colors?id=550722f",
                                    "dropdown_typography_typography": "globals\/typography?id=ca3a9b6",
                                    "color_dropdown_item_hover": "globals\/colors?id=secondary",
                                    "background_color_dropdown_item_hover": "",
                                    "toggle_color": "globals\/colors?id=primary",
                                    "color_dropdown_item_active": "globals\/colors?id=primary"
                                },
                                "menu_typography_typography": "custom",
                                "menu_typography_font_family": "Exo",
                                "menu_typography_font_size": {
                                    "unit": "em",
                                    "size": 1.3,
                                    "sizes": []
                                },
                                "menu_typography_font_size_tablet": {
                                    "unit": "em",
                                    "size": "",
                                    "sizes": []
                                },
                                "menu_typography_font_size_mobile": {
                                    "unit": "em",
                                    "size": "",
                                    "sizes": []
                                },
                                "menu_typography_font_weight": "500",
                                "menu_typography_line_height": {
                                    "unit": "em",
                                    "size": 1,
                                    "sizes": []
                                },
                                "color_menu_item": "#FFFFFF",
                                "color_dropdown_item": "#FFFFFF",
                                "background_color_dropdown_item": "#1C9A92",
                                "color_dropdown_item_hover": "#000000",
                                "color_dropdown_item_active": "#FFFFFF",
                                "dropdown_typography_typography": "custom",
                                "dropdown_typography_font_family": "Roboto",
                                "dropdown_typography_font_size": {
                                    "unit": "em",
                                    "size": 1.2,
                                    "sizes": []
                                },
                                "dropdown_typography_font_size_tablet": {
                                    "unit": "em",
                                    "size": "",
                                    "sizes": []
                                },
                                "dropdown_typography_font_size_mobile": {
                                    "unit": "em",
                                    "size": "",
                                    "sizes": []
                                },
                                "dropdown_typography_font_weight": "500",
                                "dropdown_typography_line_height": {
                                    "unit": "em",
                                    "size": 1.2,
                                    "sizes": []
                                },
                                "divider_border_color": "#1C9A9200",
                                "toggle_color": "#FFFFFF"
                            },
                            "elements": [],
                            "isInner": false,
                            "widgetType": "navigation-menu",
                            "elType": "widget"
                        }
                    ],
                    "isInner": true,
                    "elType": "container"
                }
            ],
            "isInner": false,
            "elType": "container"
        }
    ]
}