{
    "version": "0.4",
    "title": "Metform-Contact",
    "type": "section",
    "metadata": {
        "template_type": "section-other",
        "include_in_zip": "1",
        "elementor_pro_required": null,
        "wp_page_template": "elementor_canvas"
    },
    "content": [
        {
            "id": "4a77727c",
            "settings": {
                "flex_direction": "column",
                "content_width": "full",
                "width": {
                    "unit": "%",
                    "size": 100
                },
                "margin": {
                    "unit": "px",
                    "top": "0",
                    "right": "0",
                    "bottom": "0",
                    "left": "0",
                    "isLinked": false
                },
                "padding": {
                    "unit": "px",
                    "top": "0",
                    "right": "20",
                    "bottom": "0",
                    "left": "0",
                    "isLinked": false
                },
                "_flex_size": "none",
                "_element_width": "initial",
                "flex_align_items_mobile": "center"
            },
            "elements": [
                {
                    "id": "58534181",
                    "settings": {
                        "content_width": "full",
                        "width": {
                            "unit": "%",
                            "size": 100.324
                        },
                        "flex_direction": "row",
                        "margin": {
                            "unit": "px",
                            "top": "0",
                            "right": "0",
                            "bottom": "30",
                            "left": "0",
                            "isLinked": false
                        },
                        "padding": {
                            "unit": "px",
                            "top": "0",
                            "right": "0",
                            "bottom": "0",
                            "left": "0",
                            "isLinked": false
                        },
                        "_flex_size": "none",
                        "_element_width": "initial"
                    },
                    "elements": [
                        {
                            "id": "26535ef0",
                            "settings": {
                                "mf_input_label": "Name",
                                "mf_input_placeholder": "John Dae",
                                "mf_input_validation_warning_message": "This field is required.",
                                "mf_input_label_padding": {
                                    "unit": "px",
                                    "top": "0",
                                    "right": "0",
                                    "bottom": "15",
                                    "left": "0",
                                    "isLinked": false
                                },
                                "mf_input_label_margin": {
                                    "unit": "px",
                                    "top": "0",
                                    "right": "0",
                                    "bottom": "15",
                                    "left": "0",
                                    "isLinked": false
                                },
                                "mf_input_padding": {
                                    "unit": "px",
                                    "top": "0",
                                    "right": "0",
                                    "bottom": "10",
                                    "left": "0",
                                    "isLinked": false
                                },
                                "mf_input_margin": {
                                    "unit": "px",
                                    "top": "0",
                                    "right": "0",
                                    "bottom": "0",
                                    "left": "0",
                                    "isLinked": false
                                },
                                "mf_input_background_background": "classic",
                                "mf_input_border_border": "solid",
                                "mf_input_border_width": {
                                    "unit": "px",
                                    "top": "0",
                                    "right": "0",
                                    "bottom": "1",
                                    "left": "0",
                                    "isLinked": false
                                },
                                "mf_input_border_focus_border": "solid",
                                "mf_input_border_focus_width": {
                                    "unit": "px",
                                    "top": "0",
                                    "right": "0",
                                    "bottom": "1",
                                    "left": "0",
                                    "isLinked": false
                                },
                                "_margin": {
                                    "unit": "px",
                                    "top": "0",
                                    "right": "0",
                                    "bottom": "0",
                                    "left": "0",
                                    "isLinked": false
                                },
                                "_padding": {
                                    "unit": "px",
                                    "top": "0",
                                    "right": "20",
                                    "bottom": "0",
                                    "left": "0",
                                    "isLinked": false
                                },
                                "_element_width": "initial",
                                "_element_custom_width": {
                                    "unit": "%",
                                    "size": 49.595
                                },
                                "_flex_size": "none",
                                "__globals__": {
                                    "mf_input_label_color": "globals\/colors?id=secondary",
                                    "mf_input_label_typography_typography": "globals\/typography?id=25b41b0",
                                    "mf_input_color": "globals\/colors?id=secondary",
                                    "mf_input_typgraphy_typography": "globals\/typography?id=389bf7a",
                                    "mf_input_background_color": "globals\/colors?id=550722f",
                                    "mf_input_border_color": "globals\/colors?id=text",
                                    "mf_input_border_focus_color": "globals\/colors?id=accent",
                                    "mf_input_place_holder_typography_typography": "globals\/typography?id=c42e1bb",
                                    "mf_input_color_focus": "globals\/colors?id=accent"
                                },
                                "_element_width_mobile": "initial",
                                "_element_custom_width_mobile": {
                                    "unit": "px",
                                    "size": 297.359
                                },
                                "_flex_align_self_mobile": "center"
                            },
                            "elements": [],
                            "isInner": false,
                            "widgetType": "mf-listing-fname",
                            "elType": "widget"
                        },
                        {
                            "id": "2454c480",
                            "settings": {
                                "mf_input_label": "Email",
                                "mf_input_name": "mf-email",
                                "mf_input_placeholder": "example@outspace.com",
                                "mf_input_validation_warning_message": "This field is required.",
                                "mf_input_label_padding": {
                                    "unit": "px",
                                    "top": "0",
                                    "right": "0",
                                    "bottom": "15",
                                    "left": "0",
                                    "isLinked": false
                                },
                                "mf_input_label_margin": {
                                    "unit": "px",
                                    "top": "0",
                                    "right": "0",
                                    "bottom": "15",
                                    "left": "0",
                                    "isLinked": false
                                },
                                "mf_input_padding": {
                                    "unit": "px",
                                    "top": "0",
                                    "right": "0",
                                    "bottom": "10",
                                    "left": "0",
                                    "isLinked": false
                                },
                                "mf_input_margin": {
                                    "unit": "px",
                                    "top": "0",
                                    "right": "0",
                                    "bottom": "0",
                                    "left": "0",
                                    "isLinked": false
                                },
                                "mf_input_background_background": "classic",
                                "mf_input_border_border": "solid",
                                "mf_input_border_width": {
                                    "unit": "px",
                                    "top": "0",
                                    "right": "0",
                                    "bottom": "1",
                                    "left": "0",
                                    "isLinked": false
                                },
                                "mf_input_border_focus_border": "solid",
                                "mf_input_border_focus_width": {
                                    "unit": "px",
                                    "top": "0",
                                    "right": "0",
                                    "bottom": "1",
                                    "left": "0",
                                    "isLinked": false
                                },
                                "_margin": {
                                    "unit": "px",
                                    "top": "0",
                                    "right": "0",
                                    "bottom": "0",
                                    "left": "0",
                                    "isLinked": false
                                },
                                "_padding": {
                                    "unit": "px",
                                    "top": "0",
                                    "right": "20",
                                    "bottom": "0",
                                    "left": "0",
                                    "isLinked": false
                                },
                                "_element_width": "initial",
                                "_element_custom_width": {
                                    "unit": "%",
                                    "size": 48.625
                                },
                                "_flex_size": "none",
                                "__globals__": {
                                    "mf_input_label_color": "globals\/colors?id=secondary",
                                    "mf_input_label_typography_typography": "globals\/typography?id=25b41b0",
                                    "mf_input_color": "globals\/colors?id=secondary",
                                    "mf_input_typgraphy_typography": "globals\/typography?id=389bf7a",
                                    "mf_input_background_color": "globals\/colors?id=550722f",
                                    "mf_input_border_color": "globals\/colors?id=text",
                                    "mf_input_border_focus_color": "globals\/colors?id=accent",
                                    "mf_input_place_holder_typography_typography": "globals\/typography?id=c42e1bb",
                                    "mf_input_color_focus": "globals\/colors?id=accent"
                                },
                                "_element_width_mobile": "initial",
                                "_element_custom_width_mobile": {
                                    "unit": "px",
                                    "size": 297.359
                                }
                            },
                            "elements": [],
                            "isInner": false,
                            "widgetType": "mf-email",
                            "elType": "widget"
                        }
                    ],
                    "isInner": true,
                    "elType": "container"
                },
                {
                    "id": "2f161668",
                    "settings": {
                        "content_width": "full",
                        "width": {
                            "unit": "%",
                            "size": 101.552
                        },
                        "flex_direction": "column",
                        "margin": {
                            "unit": "px",
                            "top": "0",
                            "right": "0",
                            "bottom": "30",
                            "left": "0",
                            "isLinked": false
                        },
                        "padding": {
                            "unit": "px",
                            "top": "0",
                            "right": "0",
                            "bottom": "0",
                            "left": "0",
                            "isLinked": false
                        },
                        "_flex_size": "none",
                        "_element_width": "initial"
                    },
                    "elements": [
                        {
                            "id": "3dd5f6a8",
                            "settings": {
                                "mf_input_label": "Subject",
                                "mf_input_name": "subject",
                                "mf_input_placeholder": "subject",
                                "mf_input_validation_warning_message": "This field is required.",
                                "mf_input_label_padding": {
                                    "unit": "px",
                                    "top": "0",
                                    "right": "0",
                                    "bottom": "15",
                                    "left": "0",
                                    "isLinked": false
                                },
                                "mf_input_label_margin": {
                                    "unit": "px",
                                    "top": "0",
                                    "right": "0",
                                    "bottom": "15",
                                    "left": "0",
                                    "isLinked": false
                                },
                                "mf_input_padding": {
                                    "unit": "px",
                                    "top": "0",
                                    "right": "0",
                                    "bottom": "10",
                                    "left": "0",
                                    "isLinked": false
                                },
                                "mf_input_margin": {
                                    "unit": "px",
                                    "top": "0",
                                    "right": "0",
                                    "bottom": "0",
                                    "left": "0",
                                    "isLinked": false
                                },
                                "mf_input_background_background": "classic",
                                "mf_input_border_border": "solid",
                                "mf_input_border_width": {
                                    "unit": "px",
                                    "top": "0",
                                    "right": "0",
                                    "bottom": "1",
                                    "left": "0",
                                    "isLinked": false
                                },
                                "mf_input_border_focus_border": "solid",
                                "mf_input_border_focus_width": {
                                    "unit": "px",
                                    "top": "0",
                                    "right": "0",
                                    "bottom": "1",
                                    "left": "0",
                                    "isLinked": false
                                },
                                "_margin": {
                                    "unit": "px",
                                    "top": "0",
                                    "right": "0",
                                    "bottom": "0",
                                    "left": "0",
                                    "isLinked": false
                                },
                                "_padding": {
                                    "unit": "px",
                                    "top": "0",
                                    "right": "20",
                                    "bottom": "0",
                                    "left": "0",
                                    "isLinked": false
                                },
                                "_element_width": "initial",
                                "_element_custom_width": {
                                    "unit": "%",
                                    "size": 99.873
                                },
                                "_flex_size": "none",
                                "__globals__": {
                                    "mf_input_label_color": "globals\/colors?id=secondary",
                                    "mf_input_label_typography_typography": "globals\/typography?id=25b41b0",
                                    "mf_input_color": "globals\/colors?id=secondary",
                                    "mf_input_typgraphy_typography": "globals\/typography?id=389bf7a",
                                    "mf_input_background_color": "globals\/colors?id=550722f",
                                    "mf_input_border_color": "globals\/colors?id=text",
                                    "mf_input_border_focus_color": "globals\/colors?id=accent",
                                    "mf_input_place_holder_typography_typography": "globals\/typography?id=c42e1bb",
                                    "mf_input_color_focus": "globals\/colors?id=accent"
                                },
                                "_element_width_tablet": "initial",
                                "_element_custom_width_tablet": {
                                    "unit": "px",
                                    "size": 716.328
                                }
                            },
                            "elements": [],
                            "isInner": false,
                            "widgetType": "mf-text",
                            "elType": "widget"
                        },
                        {
                            "id": "28ad977f",
                            "settings": {
                                "mf_input_label": "Message",
                                "mf_input_name": "mf-textarea",
                                "mf_input_placeholder": "Hi there...",
                                "mf_input_validation_warning_message": "This field is required.",
                                "mf_input_label_padding": {
                                    "unit": "px",
                                    "top": "0",
                                    "right": "0",
                                    "bottom": "15",
                                    "left": "0",
                                    "isLinked": false
                                },
                                "mf_input_label_margin": {
                                    "unit": "px",
                                    "top": "0",
                                    "right": "0",
                                    "bottom": "15",
                                    "left": "0",
                                    "isLinked": false
                                },
                                "mf_input_padding": {
                                    "unit": "px",
                                    "top": "0",
                                    "right": "0",
                                    "bottom": "10",
                                    "left": "0",
                                    "isLinked": false
                                },
                                "mf_input_margin": {
                                    "unit": "px",
                                    "top": "0",
                                    "right": "0",
                                    "bottom": "0",
                                    "left": "0",
                                    "isLinked": false
                                },
                                "mf_input_background_background": "classic",
                                "mf_input_border_border": "solid",
                                "mf_input_border_width": {
                                    "unit": "px",
                                    "top": "0",
                                    "right": "0",
                                    "bottom": "1",
                                    "left": "0",
                                    "isLinked": false
                                },
                                "mf_input_border_focus_border": "solid",
                                "mf_input_border_focus_width": {
                                    "unit": "px",
                                    "top": "0",
                                    "right": "0",
                                    "bottom": "1",
                                    "left": "0",
                                    "isLinked": false
                                },
                                "_margin": {
                                    "unit": "px",
                                    "top": "0",
                                    "right": "0",
                                    "bottom": "0",
                                    "left": "0",
                                    "isLinked": false
                                },
                                "_padding": {
                                    "unit": "px",
                                    "top": "0",
                                    "right": "20",
                                    "bottom": "0",
                                    "left": "0",
                                    "isLinked": false
                                },
                                "_element_width": "initial",
                                "_element_custom_width": {
                                    "unit": "%",
                                    "size": 99.873
                                },
                                "_flex_size": "none",
                                "__globals__": {
                                    "mf_input_label_color": "globals\/colors?id=secondary",
                                    "mf_input_label_typography_typography": "globals\/typography?id=25b41b0",
                                    "mf_input_color": "globals\/colors?id=secondary",
                                    "mf_input_typgraphy_typography": "globals\/typography?id=389bf7a",
                                    "mf_input_background_color": "globals\/colors?id=550722f",
                                    "mf_input_border_color": "globals\/colors?id=text",
                                    "mf_input_border_focus_color": "globals\/colors?id=accent",
                                    "mf_input_place_holder_typography_typography": "globals\/typography?id=c42e1bb",
                                    "mf_input_color_focus": "globals\/colors?id=accent"
                                },
                                "_element_width_tablet": "initial",
                                "_element_custom_width_tablet": {
                                    "unit": "px",
                                    "size": 717.328
                                }
                            },
                            "elements": [],
                            "isInner": false,
                            "widgetType": "mf-textarea",
                            "elType": "widget"
                        }
                    ],
                    "isInner": true,
                    "elType": "container"
                },
                {
                    "id": "2f4fed80",
                    "settings": {
                        "mf_btn_text": "Send Message",
                        "mf_btn_align": "justify",
                        "mf_hidden_input": [],
                        "mf_btn_bg_color_background": "classic",
                        "mf_btn_bg_hover_color_background": "classic",
                        "mf_btn_box_shadow_group_box_shadow_type": "yes",
                        "mf_btn_box_shadow_group_box_shadow": {
                            "horizontal": 0,
                            "vertical": 0,
                            "blur": 0,
                            "spread": 0,
                            "color": "rgba(0,0,0,0.5)"
                        },
                        "__globals__": {
                            "mf_btn_bg_color_color": "globals\/colors?id=accent",
                            "mf_btn_border_color": "globals\/colors?id=accent",
                            "mf_btn_bg_hover_color_color": ""
                        },
                        "mf_btn_align_tablet": "justify",
                        "mf_btn_align_mobile": "justify",
                        "mf_btn_bg_color_color": "#61CE70",
                        "mf_btn_border_style_tablet": "none",
                        "_element_width_tablet": "initial",
                        "_element_width_mobile": "initial",
                        "_element_custom_width_tablet": {
                            "unit": "px",
                            "size": 697.5
                        },
                        "_element_custom_width_mobile": {
                            "unit": "px",
                            "size": 341.682
                        },
                        "_flex_size": "none",
                        "_element_width": "initial",
                        "_element_custom_width": {
                            "unit": "%",
                            "size": 99.514
                        },
                        "mf_btn_border_radius": {
                            "unit": "px",
                            "top": "25",
                            "right": "25",
                            "bottom": "25",
                            "left": "25",
                            "isLinked": true
                        }
                    },
                    "elements": [],
                    "isInner": false,
                    "widgetType": "mf-button",
                    "elType": "widget"
                }
            ],
            "isInner": false,
            "elType": "container"
        }
    ]
}