{
    "version": "0.4",
    "title": "Single Blog",
    "type": "page",
    "metadata": {
        "template_type": "single-page",
        "include_in_zip": "1",
        "elementor_pro_required": null,
        "wp_page_template": "elementor_header_footer"
    },
    "content": [
        {
            "id": "74de12e9",
            "settings": {
                "flex_direction": "row",
                "flex_direction_mobile": "column",
                "background_background": "classic",
                "background_color_stop": {
                    "unit": "%",
                    "size": 2,
                    "sizes": []
                },
                "background_color_b": "",
                "background_color_b_stop": {
                    "unit": "%",
                    "size": 27,
                    "sizes": []
                },
                "background_gradient_angle": {
                    "unit": "deg",
                    "size": 120,
                    "sizes": []
                },
                "margin": {
                    "unit": "px",
                    "top": "0",
                    "right": "0",
                    "bottom": "0",
                    "left": "0",
                    "isLinked": false
                },
                "padding": {
                    "unit": "px",
                    "top": "270",
                    "right": "40",
                    "bottom": "160",
                    "left": "40",
                    "isLinked": false
                },
                "padding_tablet": {
                    "unit": "px",
                    "top": "180",
                    "right": "30",
                    "bottom": "220",
                    "left": "30",
                    "isLinked": false
                },
                "padding_mobile": {
                    "unit": "px",
                    "top": "200",
                    "right": "20",
                    "bottom": "380",
                    "left": "20",
                    "isLinked": false
                },
                "flex_justify_content": "center",
                "flex_align_items": "center",
                "background_image": {
                    "url": "https:\/\/kitpro.site\/coworking\/wp-content\/uploads\/sites\/296\/2024\/12\/background-1-1.png",
                    "id": 1055,
                    "size": "",
                    "alt": "",
                    "source": "library"
                },
                "background_position": "center center",
                "background_repeat": "no-repeat",
                "background_size": "cover",
                "border_radius": {
                    "unit": "px",
                    "top": "0",
                    "right": "0",
                    "bottom": "0",
                    "left": "75",
                    "isLinked": false
                },
                "border_radius_mobile": {
                    "unit": "px",
                    "top": "0",
                    "right": "0",
                    "bottom": "0",
                    "left": "0",
                    "isLinked": false
                }
            },
            "elements": [
                {
                    "id": "64d22e5",
                    "settings": {
                        "content_width": "full",
                        "width": {
                            "unit": "%",
                            "size": 90,
                            "sizes": []
                        },
                        "border_width": {
                            "unit": "px",
                            "top": "0",
                            "right": "1",
                            "bottom": "0",
                            "left": "0",
                            "isLinked": false
                        },
                        "border_color": "#FFFFFF4D",
                        "margin": {
                            "unit": "px",
                            "top": "0",
                            "right": "0",
                            "bottom": "0",
                            "left": "0",
                            "isLinked": false
                        },
                        "padding": {
                            "unit": "px",
                            "top": "0",
                            "right": "0",
                            "bottom": "0",
                            "left": "0",
                            "isLinked": false
                        },
                        "width_tablet": {
                            "unit": "%",
                            "size": 90,
                            "sizes": []
                        },
                        "width_mobile": {
                            "unit": "%",
                            "size": "",
                            "sizes": []
                        },
                        "border_width_mobile": {
                            "unit": "px",
                            "top": "0",
                            "right": "0",
                            "bottom": "0",
                            "left": "0",
                            "isLinked": false
                        },
                        "padding_mobile": {
                            "unit": "px",
                            "top": "0",
                            "right": "0",
                            "bottom": "0",
                            "left": "0",
                            "isLinked": false
                        }
                    },
                    "elements": [
                        {
                            "id": "3843aa6a",
                            "settings": {
                                "st_title_alignment_responsive": "center",
                                "_margin": {
                                    "unit": "px",
                                    "top": "0",
                                    "right": "0",
                                    "bottom": "20",
                                    "left": "0",
                                    "isLinked": false
                                },
                                "__globals__": {
                                    "st_title_typography_content_typography_typography": "globals\/typography?id=41cefd6",
                                    "st_title_normal_color_responsive": "globals\/colors?id=primary"
                                }
                            },
                            "elements": [],
                            "isInner": false,
                            "widgetType": "jkit_post_title",
                            "elType": "widget"
                        },
                        {
                            "id": "212918b2",
                            "settings": {
                                "content_width": "full",
                                "flex_direction": "row",
                                "flex_justify_content": "center",
                                "margin": {
                                    "unit": "px",
                                    "top": "0",
                                    "right": "0",
                                    "bottom": "0",
                                    "left": "0",
                                    "isLinked": false
                                },
                                "padding": {
                                    "unit": "px",
                                    "top": "0",
                                    "right": "0",
                                    "bottom": "0",
                                    "left": "0",
                                    "isLinked": false
                                },
                                "_flex_align_self": "center",
                                "flex_wrap_mobile": "nowrap"
                            },
                            "elements": [
                                {
                                    "id": "99bce16",
                                    "settings": {
                                        "content_width": "full",
                                        "width": {
                                            "unit": "%",
                                            "size": 8,
                                            "sizes": []
                                        },
                                        "flex_direction": "row",
                                        "margin": {
                                            "unit": "px",
                                            "top": "0",
                                            "right": "0",
                                            "bottom": "0",
                                            "left": "0",
                                            "isLinked": false
                                        },
                                        "padding": {
                                            "unit": "px",
                                            "top": "0",
                                            "right": "0",
                                            "bottom": "0",
                                            "left": "0",
                                            "isLinked": false
                                        },
                                        "_flex_align_self": "center",
                                        "width_tablet": {
                                            "unit": "%",
                                            "size": 14,
                                            "sizes": []
                                        },
                                        "width_mobile": {
                                            "unit": "%",
                                            "size": 31,
                                            "sizes": []
                                        },
                                        "margin_mobile": {
                                            "unit": "px",
                                            "top": "0",
                                            "right": "-8",
                                            "bottom": "0",
                                            "left": "10",
                                            "isLinked": false
                                        }
                                    },
                                    "elements": [
                                        {
                                            "id": "6e74a4a5",
                                            "settings": {
                                                "selected_icon": {
                                                    "value": "far fa-user",
                                                    "library": "fa-regular"
                                                },
                                                "size": {
                                                    "unit": "px",
                                                    "size": 20,
                                                    "sizes": []
                                                },
                                                "__globals__": {
                                                    "primary_color": "globals\/colors?id=accent"
                                                }
                                            },
                                            "elements": [],
                                            "isInner": false,
                                            "widgetType": "icon",
                                            "elType": "widget"
                                        },
                                        {
                                            "id": "687bb478",
                                            "settings": {
                                                "_margin": {
                                                    "unit": "px",
                                                    "top": "0",
                                                    "right": "0",
                                                    "bottom": "0",
                                                    "left": "-5",
                                                    "isLinked": false
                                                },
                                                "_padding": {
                                                    "unit": "px",
                                                    "top": "0",
                                                    "right": "0",
                                                    "bottom": "0",
                                                    "left": "0",
                                                    "isLinked": false
                                                },
                                                "__globals__": {
                                                    "st_author_normal_color_responsive": "globals\/colors?id=primary",
                                                    "st_author_typography_content_typography_typography": "globals\/typography?id=389bf7a"
                                                }
                                            },
                                            "elements": [],
                                            "isInner": false,
                                            "widgetType": "jkit_post_author",
                                            "elType": "widget"
                                        }
                                    ],
                                    "isInner": true,
                                    "elType": "container"
                                },
                                {
                                    "id": "3f7b4f31",
                                    "settings": {
                                        "content_width": "full",
                                        "width": {
                                            "unit": "%",
                                            "size": 17,
                                            "sizes": []
                                        },
                                        "flex_direction": "row",
                                        "margin": {
                                            "unit": "px",
                                            "top": "0",
                                            "right": "0",
                                            "bottom": "0",
                                            "left": "0",
                                            "isLinked": false
                                        },
                                        "padding": {
                                            "unit": "px",
                                            "top": "0",
                                            "right": "0",
                                            "bottom": "0",
                                            "left": "0",
                                            "isLinked": false
                                        },
                                        "_flex_align_self": "center",
                                        "width_tablet": {
                                            "unit": "%",
                                            "size": 31,
                                            "sizes": []
                                        },
                                        "width_mobile": {
                                            "unit": "%",
                                            "size": 73,
                                            "sizes": []
                                        }
                                    },
                                    "elements": [
                                        {
                                            "id": "432554e8",
                                            "settings": {
                                                "selected_icon": {
                                                    "value": "far fa-calendar-alt",
                                                    "library": "fa-regular"
                                                },
                                                "size": {
                                                    "unit": "px",
                                                    "size": 20,
                                                    "sizes": []
                                                },
                                                "__globals__": {
                                                    "primary_color": "globals\/colors?id=accent"
                                                }
                                            },
                                            "elements": [],
                                            "isInner": false,
                                            "widgetType": "icon",
                                            "elType": "widget"
                                        },
                                        {
                                            "id": "3b5c578b",
                                            "settings": {
                                                "sg_date_format_custom": "F j, Y",
                                                "_margin": {
                                                    "unit": "px",
                                                    "top": "0",
                                                    "right": "0",
                                                    "bottom": "0",
                                                    "left": "-5",
                                                    "isLinked": false
                                                },
                                                "__globals__": {
                                                    "st_date_typography_content_typography_typography": "globals\/typography?id=389bf7a",
                                                    "st_date_normal_color_responsive": "globals\/colors?id=primary"
                                                }
                                            },
                                            "elements": [],
                                            "isInner": false,
                                            "widgetType": "jkit_post_date",
                                            "elType": "widget"
                                        }
                                    ],
                                    "isInner": true,
                                    "elType": "container"
                                }
                            ],
                            "isInner": true,
                            "elType": "container"
                        }
                    ],
                    "isInner": true,
                    "elType": "container"
                }
            ],
            "isInner": false,
            "elType": "container"
        },
        {
            "id": "4fc0b629",
            "settings": {
                "flex_direction": "row",
                "margin": {
                    "unit": "px",
                    "top": "0",
                    "right": "0",
                    "bottom": "0",
                    "left": "0",
                    "isLinked": false
                },
                "padding": {
                    "unit": "px",
                    "top": "120",
                    "right": "0",
                    "bottom": "60",
                    "left": "0",
                    "isLinked": false
                },
                "padding_tablet": {
                    "unit": "px",
                    "top": "120",
                    "right": "30",
                    "bottom": "60",
                    "left": "30",
                    "isLinked": false
                },
                "padding_mobile": {
                    "unit": "px",
                    "top": "120",
                    "right": "20",
                    "bottom": "60",
                    "left": "20",
                    "isLinked": false
                }
            },
            "elements": [
                {
                    "id": "41fd0865",
                    "settings": {
                        "content_width": "full",
                        "border_width": {
                            "unit": "px",
                            "top": "0",
                            "right": "0",
                            "bottom": "1",
                            "left": "0",
                            "isLinked": false
                        },
                        "border_radius": {
                            "unit": "px",
                            "top": "0",
                            "right": "0",
                            "bottom": "0",
                            "left": "0",
                            "isLinked": false
                        },
                        "margin": {
                            "unit": "px",
                            "top": "0",
                            "right": "0",
                            "bottom": "0",
                            "left": "0",
                            "isLinked": false
                        },
                        "padding": {
                            "unit": "px",
                            "top": "0",
                            "right": "0",
                            "bottom": "40",
                            "left": "0",
                            "isLinked": false
                        },
                        "__globals__": {
                            "border_color": "globals\/colors?id=text"
                        }
                    },
                    "elements": [
                        {
                            "id": "2527254d",
                            "settings": {
                                "sg_image_size_imagesize_size": "full",
                                "st_image_border_radius_responsive": {
                                    "unit": "px",
                                    "top": "30",
                                    "right": "30",
                                    "bottom": "30",
                                    "left": "30",
                                    "isLinked": true
                                }
                            },
                            "elements": [],
                            "isInner": false,
                            "widgetType": "jkit_post_featured_image",
                            "elType": "widget"
                        },
                        {
                            "id": "2af5fcfa",
                            "settings": {
                                "editor": "<p>Lorem ipsum dolor sit amet, consectetur adipiscing elit, sed do eiusmod tempor incididunt ut labore et dolore magna aliqua. Ut enim ad minim veniam, quis nostrud exercitation ullamco laboris nisi ut aliquip ex ea commodo consequat. Duis aute irure dolor in reprehenderit in voluptate velit esse cillum dolore eu fugiat nulla pariatur. Excepteur sint occaecat cupidatat non proident, sunt in culpa qui officia deserunt mollit anim id est laborum.<\/p>",
                                "align": "justify",
                                "_margin": {
                                    "unit": "px",
                                    "top": "20",
                                    "right": "0",
                                    "bottom": "0",
                                    "left": "0",
                                    "isLinked": false
                                },
                                "__globals__": {
                                    "text_color": "globals\/colors?id=secondary",
                                    "typography_typography": "globals\/typography?id=c42e1bb"
                                }
                            },
                            "elements": [],
                            "isInner": false,
                            "widgetType": "text-editor",
                            "elType": "widget"
                        },
                        {
                            "id": "71a2f7ea",
                            "settings": {
                                "title": "1. Flexibility to Support Diverse Workstyles",
                                "__globals__": {
                                    "title_color": "globals\/colors?id=secondary",
                                    "typography_typography": "globals\/typography?id=c814bfc"
                                }
                            },
                            "elements": [],
                            "isInner": false,
                            "widgetType": "heading",
                            "elType": "widget"
                        },
                        {
                            "id": "4e867a00",
                            "settings": {
                                "editor": "<p>Lorem ipsum dolor sit amet, consectetur adipiscing elit, sed do eiusmod tempor incididunt ut labore et dolore magna aliqua. Ut enim ad minim veniam, quis nostrud exercitation ullamco laboris nisi ut aliquip ex ea commodo consequat. Duis aute irure dolor in reprehenderit in voluptate velit esse cillum dolore eu fugiat nulla pariatur. Excepteur sint occaecat cupidatat non proident, sunt in culpa qui officia deserunt mollit anim id est laborum.<\/p>",
                                "align": "justify",
                                "__globals__": {
                                    "text_color": "globals\/colors?id=secondary",
                                    "typography_typography": "globals\/typography?id=c42e1bb"
                                }
                            },
                            "elements": [],
                            "isInner": false,
                            "widgetType": "text-editor",
                            "elType": "widget"
                        },
                        {
                            "id": "22713356",
                            "settings": {
                                "title": "2. Enhancing Collaboration and Creativity",
                                "__globals__": {
                                    "title_color": "globals\/colors?id=secondary",
                                    "typography_typography": "globals\/typography?id=c814bfc"
                                }
                            },
                            "elements": [],
                            "isInner": false,
                            "widgetType": "heading",
                            "elType": "widget"
                        },
                        {
                            "id": "20e79de1",
                            "settings": {
                                "editor": "<p>Lorem ipsum dolor sit amet, consectetur adipiscing elit, sed do eiusmod tempor incididunt ut labore et dolore magna aliqua. Ut enim ad minim veniam, quis nostrud exercitation ullamco laboris nisi ut aliquip ex ea commodo consequat. Duis aute irure dolor in reprehenderit in voluptate velit esse cillum dolore eu fugiat nulla pariatur. Excepteur sint occaecat cupidatat non proident, sunt in culpa qui officia deserunt mollit anim id est laborum.<\/p><ul><li>Lorem ipsum dolor sit amet, consectetur adipiscing elit, sed do eiusmod tempor incididunt ut labore et dolore magna aliqua.<\/li><li>Ut enim ad minim veniam, quis nostrud exercitation ullamco laboris nisi ut aliquip ex ea commodo consequat. Duis aute irure dolor.<\/li><\/ul>",
                                "align": "justify",
                                "_margin": {
                                    "unit": "px",
                                    "top": "0",
                                    "right": "0",
                                    "bottom": "20",
                                    "left": "0",
                                    "isLinked": false
                                },
                                "_padding": {
                                    "unit": "px",
                                    "top": "0",
                                    "right": "0",
                                    "bottom": "0",
                                    "left": "0",
                                    "isLinked": false
                                },
                                "__globals__": {
                                    "text_color": "globals\/colors?id=secondary",
                                    "typography_typography": "globals\/typography?id=c42e1bb"
                                }
                            },
                            "elements": [],
                            "isInner": false,
                            "widgetType": "text-editor",
                            "elType": "widget"
                        },
                        {
                            "id": "32d9adf4",
                            "settings": {
                                "editor": "<p>Lorem ipsum dolor sit amet, consectetur adipiscing elit, sed do eiusmod tempor incididunt ut labore et dolore magna aliqua. Ut enim ad minim veniam, quis nostrud exercitation ullamco laboris nisi ut aliquip ex ea commodo consequat.<\/p>",
                                "align": "justify",
                                "__globals__": {
                                    "text_color": "globals\/colors?id=secondary",
                                    "typography_typography": "globals\/typography?id=25b41b0"
                                }
                            },
                            "elements": [],
                            "isInner": false,
                            "widgetType": "text-editor",
                            "elType": "widget"
                        },
                        {
                            "id": "7399741f",
                            "settings": {
                                "content_width": "full",
                                "flex_direction": "row",
                                "border_border": "solid",
                                "border_width": {
                                    "unit": "px",
                                    "top": "0",
                                    "right": "0",
                                    "bottom": "1",
                                    "left": "0",
                                    "isLinked": false
                                },
                                "margin": {
                                    "unit": "px",
                                    "top": "0",
                                    "right": "0",
                                    "bottom": "30",
                                    "left": "0",
                                    "isLinked": false
                                },
                                "padding": {
                                    "unit": "px",
                                    "top": "30",
                                    "right": "0",
                                    "bottom": "30",
                                    "left": "0",
                                    "isLinked": false
                                },
                                "flex_align_items_mobile": "center",
                                "flex_wrap_mobile": "nowrap",
                                "margin_mobile": {
                                    "unit": "px",
                                    "top": "25",
                                    "right": "0",
                                    "bottom": "40",
                                    "left": "0",
                                    "isLinked": false
                                },
                                "__globals__": {
                                    "border_color": "globals\/colors?id=d4e37ce"
                                }
                            },
                            "elements": [
                                {
                                    "id": "59e0b82b",
                                    "settings": {
                                        "content_width": "full",
                                        "width": {
                                            "unit": "%",
                                            "size": 25
                                        },
                                        "margin": {
                                            "unit": "px",
                                            "top": "0",
                                            "right": "0",
                                            "bottom": "0",
                                            "left": "0",
                                            "isLinked": false
                                        },
                                        "padding": {
                                            "unit": "px",
                                            "top": "0",
                                            "right": "0",
                                            "bottom": "0",
                                            "left": "0",
                                            "isLinked": false
                                        },
                                        "_flex_align_self": "center",
                                        "_flex_size": "none",
                                        "_element_width": "initial",
                                        "width_mobile": {
                                            "unit": "%",
                                            "size": 30,
                                            "sizes": []
                                        }
                                    },
                                    "elements": [
                                        {
                                            "id": "6712ce2b",
                                            "settings": {
                                                "title": "Share it :",
                                                "_element_width": "initial",
                                                "_element_custom_width": {
                                                    "unit": "%",
                                                    "size": 100.497
                                                },
                                                "_flex_size": "none",
                                                "__globals__": {
                                                    "title_color": "globals\/colors?id=secondary",
                                                    "typography_typography": "globals\/typography?id=25b41b0"
                                                }
                                            },
                                            "elements": [],
                                            "isInner": false,
                                            "widgetType": "heading",
                                            "elType": "widget"
                                        }
                                    ],
                                    "isInner": true,
                                    "elType": "container"
                                },
                                {
                                    "id": "5f8ba4de",
                                    "settings": {
                                        "content_width": "full",
                                        "margin": {
                                            "unit": "px",
                                            "top": "0",
                                            "right": "0",
                                            "bottom": "0",
                                            "left": "0",
                                            "isLinked": false
                                        },
                                        "padding": {
                                            "unit": "px",
                                            "top": "0",
                                            "right": "0",
                                            "bottom": "0",
                                            "left": "0",
                                            "isLinked": false
                                        },
                                        "width": {
                                            "unit": "%",
                                            "size": 100,
                                            "sizes": []
                                        },
                                        "width_tablet": {
                                            "unit": "px",
                                            "size": 500,
                                            "sizes": []
                                        },
                                        "width_mobile": {
                                            "unit": "%",
                                            "size": 65,
                                            "sizes": []
                                        }
                                    },
                                    "elements": [
                                        {
                                            "id": "2b342878",
                                            "settings": {
                                                "social_icon_list": [
                                                    {
                                                        "social_icon": {
                                                            "value": "fab fa-facebook",
                                                            "library": "fa-brands"
                                                        },
                                                        "_id": "3f6788e"
                                                    },
                                                    {
                                                        "social_icon": {
                                                            "value": "fab fa-twitter",
                                                            "library": "fa-brands"
                                                        },
                                                        "_id": "1c0518f"
                                                    },
                                                    {
                                                        "social_icon": {
                                                            "value": "fab fa-youtube",
                                                            "library": "fa-brands"
                                                        },
                                                        "_id": "9534736"
                                                    }
                                                ],
                                                "shape": "circle",
                                                "align": "right",
                                                "icon_color": "custom",
                                                "icon_size": {
                                                    "unit": "px",
                                                    "size": 15,
                                                    "sizes": []
                                                },
                                                "_margin": {
                                                    "unit": "px",
                                                    "top": "0",
                                                    "right": "0",
                                                    "bottom": "0",
                                                    "left": "0",
                                                    "isLinked": false
                                                },
                                                "_padding": {
                                                    "unit": "px",
                                                    "top": "0",
                                                    "right": "0",
                                                    "bottom": "0",
                                                    "left": "0",
                                                    "isLinked": false
                                                },
                                                "align_mobile": "right",
                                                "icon_size_mobile": {
                                                    "unit": "px",
                                                    "size": 15,
                                                    "sizes": []
                                                },
                                                "align_tablet": "center",
                                                "icon_size_tablet": {
                                                    "unit": "px",
                                                    "size": 15,
                                                    "sizes": []
                                                },
                                                "icon_padding": {
                                                    "unit": "em",
                                                    "size": 0.5,
                                                    "sizes": []
                                                }
                                            },
                                            "elements": [],
                                            "isInner": false,
                                            "widgetType": "social-icons",
                                            "elType": "widget"
                                        }
                                    ],
                                    "isInner": true,
                                    "elType": "container"
                                }
                            ],
                            "isInner": true,
                            "elType": "container"
                        },
                        {
                            "id": "484d5f71",
                            "settings": {
                                "content_width": "full",
                                "margin": {
                                    "unit": "px",
                                    "top": "0",
                                    "right": "0",
                                    "bottom": "0",
                                    "left": "0",
                                    "isLinked": false
                                },
                                "padding": {
                                    "unit": "px",
                                    "top": "0",
                                    "right": "0",
                                    "bottom": "0",
                                    "left": "0",
                                    "isLinked": false
                                }
                            },
                            "elements": [
                                {
                                    "id": "7cc50ba0",
                                    "settings": {
                                        "st_form_field_padding_responsive": {
                                            "unit": "px",
                                            "top": "20",
                                            "right": "20",
                                            "bottom": "20",
                                            "left": "20",
                                            "isLinked": true
                                        },
                                        "st_form_field_normal_border_border_border": "solid",
                                        "st_form_field_normal_border_border_width": {
                                            "unit": "px",
                                            "top": "1",
                                            "right": "1",
                                            "bottom": "1",
                                            "left": "1",
                                            "isLinked": true
                                        },
                                        "st_form_field_normal_radius_responsive": {
                                            "unit": "px",
                                            "top": "20",
                                            "right": "20",
                                            "bottom": "20",
                                            "left": "20",
                                            "isLinked": true
                                        },
                                        "st_form_checkbox_padding_responsive": {
                                            "unit": "px",
                                            "top": "0",
                                            "right": "0",
                                            "bottom": "0",
                                            "left": "0",
                                            "isLinked": true
                                        },
                                        "st_form_checkbox_icon_size_responsive": {
                                            "unit": "px",
                                            "size": 0,
                                            "sizes": []
                                        },
                                        "st_title_margin_responsive": {
                                            "unit": "px",
                                            "top": "0",
                                            "right": "0",
                                            "bottom": "10",
                                            "left": "0",
                                            "isLinked": false
                                        },
                                        "__globals__": {
                                            "st_form_label_typography_content_typography_typography": "globals\/typography?id=389bf7a",
                                            "st_form_label_required_text_color": "globals\/colors?id=secondary",
                                            "st_form_label_text_color": "globals\/colors?id=secondary",
                                            "st_form_field_typography_content_typography_typography": "globals\/typography?id=389bf7a",
                                            "st_form_field_normal_text_color": "globals\/colors?id=secondary",
                                            "st_form_field_normal_border_border_color": "globals\/colors?id=d4e37ce",
                                            "st_title_typography_content_typography_typography": "globals\/typography?id=c814bfc",
                                            "st_title_text_color_responsive": "globals\/colors?id=secondary",
                                            "st_description_typography_content_typography_typography": "globals\/typography?id=c42e1bb",
                                            "st_description_text_color_responsive": "globals\/colors?id=secondary",
                                            "st_description_link_normal_text_color_responsive": "globals\/colors?id=accent",
                                            "st_description_link_normal_typography_content_typography_typography": "globals\/typography?id=c42e1bb"
                                        }
                                    },
                                    "elements": [],
                                    "isInner": false,
                                    "widgetType": "jkit_post_comment",
                                    "elType": "widget"
                                }
                            ],
                            "isInner": true,
                            "elType": "container"
                        }
                    ],
                    "isInner": true,
                    "elType": "container"
                },
                {
                    "id": "4686c4fd",
                    "settings": {
                        "content_width": "full",
                        "width": {
                            "unit": "%",
                            "size": 50,
                            "sizes": []
                        },
                        "margin": {
                            "unit": "px",
                            "top": "0",
                            "right": "0",
                            "bottom": "0",
                            "left": "40",
                            "isLinked": false
                        },
                        "padding": {
                            "unit": "px",
                            "top": "0",
                            "right": "0",
                            "bottom": "0",
                            "left": "0",
                            "isLinked": false
                        },
                        "jkit_sticky_device": [
                            "desktop",
                            "tablet"
                        ],
                        "jkit_sticky_top_position": {
                            "unit": "px",
                            "size": 50,
                            "sizes": []
                        },
                        "jkit_sticky_bottom_position": {
                            "unit": "px",
                            "size": 50,
                            "sizes": []
                        },
                        "margin_mobile": {
                            "unit": "px",
                            "top": "0",
                            "right": "0",
                            "bottom": "0",
                            "left": "0",
                            "isLinked": false
                        }
                    },
                    "elements": [
                        {
                            "id": "a62110d",
                            "settings": {
                                "content_width": "full",
                                "margin": {
                                    "unit": "px",
                                    "top": "0",
                                    "right": "0",
                                    "bottom": "0",
                                    "left": "0",
                                    "isLinked": false
                                },
                                "padding": {
                                    "unit": "px",
                                    "top": "0",
                                    "right": "0",
                                    "bottom": "0",
                                    "left": "0",
                                    "isLinked": false
                                },
                                "jkit_sticky_section": "enabled",
                                "jkit_sticky_device": [
                                    "desktop",
                                    "tablet"
                                ],
                                "jkit_sticky_trigger": "both",
                                "jkit_sticky_top_position": {
                                    "unit": "px",
                                    "size": 40,
                                    "sizes": []
                                }
                            },
                            "elements": [
                                {
                                    "id": "2ec0a904",
                                    "settings": {
                                        "content_width": "full",
                                        "margin": {
                                            "unit": "px",
                                            "top": "0",
                                            "right": "0",
                                            "bottom": "30",
                                            "left": "0",
                                            "isLinked": false
                                        },
                                        "padding": {
                                            "unit": "px",
                                            "top": "0",
                                            "right": "0",
                                            "bottom": "0",
                                            "left": "0",
                                            "isLinked": true
                                        },
                                        "__globals__": {
                                            "background_color": "globals\/colors?id=accent"
                                        }
                                    },
                                    "elements": [
                                        {
                                            "id": "45129741",
                                            "settings": {
                                                "placeholder": "Search...",
                                                "size": {
                                                    "unit": "px",
                                                    "size": 55,
                                                    "sizes": []
                                                },
                                                "input_box_shadow_box_shadow": {
                                                    "horizontal": 0,
                                                    "vertical": 0,
                                                    "blur": 10,
                                                    "spread": 0,
                                                    "color": "rgba(0, 0, 0, 0.21)"
                                                },
                                                "border_style": "solid",
                                                "close_icon_size": {
                                                    "unit": "px",
                                                    "size": 13,
                                                    "sizes": []
                                                },
                                                "__globals__": {
                                                    "input_typography_typography": "globals\/typography?id=c42e1bb",
                                                    "input_text_color": "globals\/colors?id=secondary",
                                                    "input_placeholder_color": "globals\/colors?id=4a4c074",
                                                    "border_color": "globals\/colors?id=secondary"
                                                }
                                            },
                                            "elements": [],
                                            "isInner": false,
                                            "widgetType": "hfe-search-button",
                                            "elType": "widget"
                                        }
                                    ],
                                    "isInner": true,
                                    "elType": "container"
                                },
                                {
                                    "id": "5873981f",
                                    "settings": {
                                        "content_width": "full",
                                        "margin": {
                                            "unit": "px",
                                            "top": "0",
                                            "right": "0",
                                            "bottom": "0",
                                            "left": "0",
                                            "isLinked": false
                                        },
                                        "padding": {
                                            "unit": "px",
                                            "top": "0",
                                            "right": "0",
                                            "bottom": "0",
                                            "left": "0",
                                            "isLinked": false
                                        }
                                    },
                                    "elements": [
                                        {
                                            "id": "15f9b579",
                                            "settings": {
                                                "title": "Latest Post",
                                                "__globals__": {
                                                    "title_color": "globals\/colors?id=secondary",
                                                    "typography_typography": "globals\/typography?id=c814bfc"
                                                }
                                            },
                                            "elements": [],
                                            "isInner": false,
                                            "widgetType": "heading",
                                            "elType": "widget"
                                        },
                                        {
                                            "id": "1998b56e",
                                            "settings": {
                                                "sg_content_image_enable": "yes",
                                                "sg_content_background_image_enable": "",
                                                "sg_content_image_size_imagesize_size": "full",
                                                "sg_content_meta_enable": "yes",
                                                "sg_content_meta_date_enable": "yes",
                                                "sg_content_meta_date_format_custom": "F j, Y",
                                                "sg_content_meta_date_icon": {
                                                    "value": "far fa-calendar-alt",
                                                    "library": "fa-regular"
                                                },
                                                "sg_content_meta_position": "bottom",
                                                "pagination_prev_text": "Previous",
                                                "pagination_next_text": "Next",
                                                "pagination_loadmore_text": "Load More",
                                                "pagination_loading_text": "Loading...",
                                                "st_content_padding_responsive": {
                                                    "unit": "px",
                                                    "top": "0",
                                                    "right": "0",
                                                    "bottom": "25",
                                                    "left": "0",
                                                    "isLinked": false
                                                },
                                                "st_content_margin_responsive": {
                                                    "unit": "px",
                                                    "top": "0",
                                                    "right": "0",
                                                    "bottom": "0",
                                                    "left": "0",
                                                    "isLinked": false
                                                },
                                                "st_title_color_responsive": "#000000",
                                                "st_title_hover_color_responsive": "#1C9A92",
                                                "st_title_typography_content_typography_typography": "custom",
                                                "st_title_typography_content_typography_font_family": "Exo",
                                                "st_title_typography_content_typography_font_size": {
                                                    "unit": "em",
                                                    "size": 1.2,
                                                    "sizes": []
                                                },
                                                "st_title_typography_content_typography_font_size_tablet": {
                                                    "unit": "em",
                                                    "size": 1.2,
                                                    "sizes": []
                                                },
                                                "st_title_typography_content_typography_font_size_mobile": {
                                                    "unit": "em",
                                                    "size": 1.2,
                                                    "sizes": []
                                                },
                                                "st_title_typography_content_typography_font_weight": "500",
                                                "st_title_typography_content_typography_line_height": {
                                                    "unit": "em",
                                                    "size": 1.1,
                                                    "sizes": []
                                                },
                                                "st_title_typography_content_typography_line_height_tablet": {
                                                    "unit": "em",
                                                    "size": 1.1,
                                                    "sizes": []
                                                },
                                                "st_title_typography_content_typography_line_height_mobile": {
                                                    "unit": "em",
                                                    "size": 1.1,
                                                    "sizes": []
                                                },
                                                "st_image_margin_responsive": {
                                                    "unit": "px",
                                                    "top": "0",
                                                    "right": "20",
                                                    "bottom": "0",
                                                    "left": "0",
                                                    "isLinked": false
                                                },
                                                "st_image_border_radius_responsive": {
                                                    "unit": "px",
                                                    "top": "10",
                                                    "right": "10",
                                                    "bottom": "10",
                                                    "left": "10",
                                                    "isLinked": true
                                                },
                                                "st_meta_typography_content_typography_typography": "custom",
                                                "st_meta_typography_content_typography_font_family": "Exo",
                                                "st_meta_typography_content_typography_font_size": {
                                                    "unit": "em",
                                                    "size": 1,
                                                    "sizes": []
                                                },
                                                "st_meta_typography_content_typography_font_size_tablet": {
                                                    "unit": "em",
                                                    "size": 1.1,
                                                    "sizes": []
                                                },
                                                "st_meta_typography_content_typography_font_size_mobile": {
                                                    "unit": "em",
                                                    "size": 1,
                                                    "sizes": []
                                                },
                                                "st_meta_typography_content_typography_font_weight": "500",
                                                "st_meta_typography_content_typography_line_height": {
                                                    "unit": "em",
                                                    "size": 1,
                                                    "sizes": []
                                                },
                                                "st_meta_typography_content_typography_line_height_tablet": {
                                                    "unit": "em",
                                                    "size": 1,
                                                    "sizes": []
                                                },
                                                "st_meta_typography_content_typography_line_height_mobile": {
                                                    "unit": "em",
                                                    "size": 1.4,
                                                    "sizes": []
                                                },
                                                "st_meta_icon_size_responsive": {
                                                    "unit": "px",
                                                    "size": 15,
                                                    "sizes": []
                                                },
                                                "st_meta_icon_spacing_responsive": {
                                                    "unit": "px",
                                                    "size": 10,
                                                    "sizes": []
                                                },
                                                "st_meta_padding_responsive": {
                                                    "unit": "px",
                                                    "top": "0",
                                                    "right": "0",
                                                    "bottom": "0",
                                                    "left": "0",
                                                    "isLinked": false
                                                },
                                                "st_meta_margin_responsive": {
                                                    "unit": "px",
                                                    "top": "20",
                                                    "right": "0",
                                                    "bottom": "0",
                                                    "left": "0",
                                                    "isLinked": false
                                                },
                                                "st_meta_normal_color_responsive": "#1C9A92",
                                                "st_nocontent_text": "No Content Available",
                                                "_margin": {
                                                    "unit": "px",
                                                    "top": "0",
                                                    "right": "0",
                                                    "bottom": "0",
                                                    "left": "0",
                                                    "isLinked": false
                                                },
                                                "_padding": {
                                                    "unit": "px",
                                                    "top": "0",
                                                    "right": "0",
                                                    "bottom": "0",
                                                    "left": "0",
                                                    "isLinked": false
                                                },
                                                "__globals__": {
                                                    "st_title_color_responsive": "globals\/colors?id=secondary",
                                                    "st_title_hover_color_responsive": "globals\/colors?id=accent",
                                                    "st_title_typography_content_typography_typography": "globals\/typography?id=25b41b0",
                                                    "st_meta_normal_color_responsive": "globals\/colors?id=accent",
                                                    "st_meta_typography_content_typography_typography": ""
                                                },
                                                "sg_content_layout": "horizontal"
                                            },
                                            "elements": [],
                                            "isInner": false,
                                            "widgetType": "jkit_post_list",
                                            "elType": "widget"
                                        }
                                    ],
                                    "isInner": true,
                                    "elType": "container"
                                }
                            ],
                            "isInner": true,
                            "elType": "container"
                        }
                    ],
                    "isInner": true,
                    "elType": "container"
                }
            ],
            "isInner": false,
            "elType": "container"
        }
    ]
}